zgh_verbe	en_meaning
ⴰⴱⵔ	boil
ⴰⴳⴰ	be distant
ⴰⴳⴳⵓⴳ	be far away 
ⴰⴳⴳⵓⵎ	To desire, to hope
ⴰⴳⴳⵙ	hurt
ⴰⴳⴳⵢ	let
ⴰⴳⴳⵯ	Look over, overhang, take a look at 
ⴰⴳⴳⵯ	appear 
ⴰⴳⴹ	cut into strips
ⴰⴳⵉ	to refuse 
ⴰⴳⵍ	depend 
ⴰⴳⵍ	hang, hang, be suspended, hung 
ⴰⴳⵎ	Download (neo.) 
ⴰⴳⵎ	draw (water), get water 
ⴰⴳⵓⵎ	be impossible
ⴰⴳⵓⵔ	stay 
ⴰⴳⵔ	surpass, be above, exceed 
ⴰⴳⵔⵉ	burp
ⴰⴳⵙ	be injured, injured
ⴰⴳⵥ	to watch
ⴰⴳⵯⴷ	gently treat
ⴰⴳⵯⴷ	keep
ⴰⴳⵯⵉ	to refuse 
ⴰⴳⵯⵍ	hang, hang, hang, be suspended hung, hanged 
ⴰⴳⵯⵙ	be wounded
ⴰⴷⴷ	squeeze
ⴰⴷⴷ	to lean on
ⴰⴷⴷ	to lower
ⴰⴷⴷⵎ	drain, disgust
ⴰⴷⴷⵓⵎ	Gouting, disgusting, dripping, being drained
ⴰⴷⴷⵓⵎ	absent
ⴰⴷⴷⵓⵣ	support
ⴰⴷⴼ	plume
ⴰⴷⵏ	cover
ⴰⴷⵓ	attack
ⴰⴷⵔ	lower, bend down, leaning
ⴰⴷⵔ	to come down
ⴰⴷⵔ	to lean on
ⴰⴷⵖ	spur
ⴰⴷⵙ	approach, be close, to be close to
ⴰⴷⵣ	assess
ⴰⴷⵣ	foreseen
ⴰⴷⵣ	probe
ⴰⴹⴼ	rejoice, enjoy
ⴰⴹⴼⵓⵟ	be extremely good, to be easygoing
ⴰⴹⴼⵓⵟ	be soft, have good taste, be tasty
ⴰⴹⵏ	Be sick
ⴰⴹⵏ	suffer
ⴰⴹⵓ	bend
ⴰⴹⵓ	come back, return (intr.)
ⴰⴹⵓⴹ	breastfed
ⴰⴹⵕ	defile, be soiled, dirty
ⴰⴹⵕ	soak, be wet
ⴰⴹⵕ	to mix together
ⴰⴼ	surpass
ⴰⴼ	worth more
ⴰⴼ	discover
ⴰⴼ	power
ⴰⴼ	to find
ⴰⴼⴳ	fly, fly away
ⴰⴼⴹ	be over
ⴰⴼⴹ	go away
ⴰⴼⴼ	be bloated
ⴰⴼⵍ	be experienced
ⴰⴼⵍ	be tanned
ⴰⴼⵓ	exceed the expected weight or number
ⴰⴼⵓⴹ	go away
ⴰⴼⵓⴼ	be sieved
ⴰⴼⵔ	be numb
ⴰⴼⵔⵓ	fly, fly away
ⴰⴼⵙ	push, introduce
ⴰⴼⵙ	sneak
ⴰⴼⵙ	tamp
ⴰⴽⴰ	feel (sensation)
ⴰⴽⴰ	realize, realize
ⴰⴽⴽⴷ	fly, fly away
ⴰⴽⵉ	feel, feel
ⴰⴽⵉ	wake up
ⴰⴽⵍ	walk on, trample, tread
ⴰⴽⵎ	Shape, sting, sew
ⴰⴽⵎ	encourage
ⴰⴽⵎ	penetrate
ⴰⴽⵎⵓⵔ	be close (distance)
ⴰⴽⵎⵓⵔ	have a relationship with
ⴰⴽⵓⴼ	be torn off
ⴰⴽⵔ	steal
ⴰⴽⵔⴻⵔ	hang out
ⴰⴽⵣ	recognize
ⴰⴽⵯⵉ	Cross, jump, save yourself
ⴰⴽⵯⵉ	take a storm, attack
ⴰⵃⵍ	to be preoccupied
ⴰⵃⵍ	to be tired
ⴰⵅⵙ	grain
ⴰⵇⵇⴷ	Broke (lamb)
ⴰⵇⵇⴹ	bleat
ⴰⵊⵊ	leave, abandon
ⴰⵊⵊⵓⴼ	dash
ⴰⵊⵊⵓⴼ	tumble
ⴰⵊⵊⵡ	use wheat stored in the silo
ⴰⵊⵢ	shelter
ⴰⵍⴱⵓⴱ	suffer
ⴰⵍⴼⵓⵙ	be without help
ⴰⵍⴽ	covet
ⴰⵍⵉ	go up, get up (sun), rise, climb
ⴰⵍⵉⵍ	be rinsed
ⴰⵍⵍ	lift
ⴰⵍⵍ	load
ⴰⵍⵍ	stall
ⴰⵍⵍ	Cry, shed tears
ⴰⵍⵍⴼⵓⵙ	be busy, being busy
ⴰⵍⵍⵓⴼ	to be sad
ⴰⵍⵍⵓⴼ	to lose weight
ⴰⵍⵍⵖ	be deep
ⴰⵍⵎ	hem, garnish with a hem
ⴰⵍⵓ	bend, be folded
ⴰⵍⵓⵍ	be rinsed
ⴰⵍⵖ	soggy
ⴰⵍⵖ	rent, praise, boast
ⴰⵍⵖⵜ	be difficult
ⴰⵍⵙ	Repeat, redo, start again
ⴰⵍⵙ	tell, narrate, tell
ⴰⵍⵙⴰⵔⵉ	transcribe
ⴰⵍⵡ	get away, be flared, relax
ⴰⵍⵡⵓ	be faded
ⴰⵎⵎ	Stop, block, remember
ⴰⵎⵎⵕ	to hurry, to do quickly, to be on the point of, to prepare to
ⴰⵎⵏ	believing
ⴰⵎⵏ	judge true, real
ⴰⵎⵓ	contain, have a ability to
ⴰⵎⵓ	to participate
ⴰⵎⵓⵎ	be lose weight
ⴰⵎⵕ	order
ⴰⵎⵕ	order (give an order)
ⴰⵎⵙ	coat
ⴰⵎⵙ	dirty
ⴰⵎⵥ	Stop
ⴰⵎⵥ	Understand, hold, assimilate
ⴰⵎⵥ	adopt
ⴰⵎⵥ	hold, hold, seize
ⴰⵏⴰⴳ	wander, walk
ⴰⵏⴹ	order (give an order)
ⴰⵏⴼ	Open, be open
ⴰⵏⴼ	Repeat, regain health
ⴰⵏⴼ	go out, get out of the way
ⴰⵏⴼ	let
ⴰⵏⵏⴰⵢ	See, see, look
ⴰⵏⵏⵉ	See, see, look
ⴰⵏⵓⵏ	be erect (animal)
ⴰⵏⵣⵓ	dash
ⴰⵏⵣⵓ	tumble
ⴰⵔ	Empty, be empty, unoccupied
ⴰⵔ	open
ⴰⵔⴰ	to write
ⴰⵔⴻⵔ	be fertilized
ⴰⵔⴼ	roasting, grilling, roasting
ⴰⵔⵉ	be fixed by fate
ⴰⵔⵉ	write, transcribe, save
ⴰⵔⵉ	Protect, preserve, save
ⴰⵔⵉⴷ	be washed
ⴰⵔⵎ	Try, test, experiment
ⴰⵔⵎ	to taste
ⴰⵔⵓ	be fixed by fate
ⴰⵔⵓ	write, save, transcribe
ⴰⵔⵓ	fruits
ⴰⵔⵓ	give birth, give birth, give birth
ⴰⵔⵓⴷ	be washed, cleaned
ⴰⵔⵓⵜ	be deposed
ⴰⵔⵔ	To vomit
ⴰⵔⵔ	give back
ⴰⵔⵔⵓⵙ	be laid
ⴰⵔⵙ	sweep, clean, be cleaned
ⴰⵔⵙ	duty (debt)
ⴰⵔⵙⵙⴰ	Baus
ⴰⵔⵣ	compensate for
ⴰⵖ	light up, be lit, take (fire)
ⴰⵖ	look like
ⴰⵖ	reach, be reached
ⴰⵖⴷ	Be straight, stand up straight
ⴰⵖⵓⵍ	become
ⴰⵖⵓⵍ	come back
ⴰⵖⵓⵍ	reconcile
ⴰⵙ	coincide
ⴰⵙ	come
ⴰⵙ	suit
ⴰⵙⵉ	take
ⴰⵙⵉ	take charge
ⴰⵙⵉ	wear, transport, take away
ⴰⵙⵎ	be jealous, jealous, envy
ⴰⵙⵓ	to cough
ⴰⵙⵓⵙ	be shaken, agitated
ⴰⵙⵓⵙ	fall (fruit)
ⴰⵙⵓⵙ	to lose weight
ⴰⵙⵔ	lose weight, consumer
ⴰⵙⵖ	attach
ⴰⵙⵙ	be dark
ⴰⵙⵙ	tie
ⴰⵙⵜⵡⴰ	be well done
ⴰⵙⵜⵡⴰ	take place comfortably
ⴰⵛⴹ	to hate
ⴰⵛⵛⴽⴽⴰ	complaint, complain
ⴰⵜⴳ	lean
ⴰⵜⴳ	rest your head on the pillow
ⴰⵜⴳ	stall, support
ⴰⵜⵎ	Clean, sweep
ⴰⵜⵜⵓⵢ	be up to
ⴰⵡⴷ	gently treat
ⴰⵡⴷ	keep
ⴰⵡⴹ	arrive at
ⴰⵡⴹ	reach
ⴰⵡⴼ	be struck with terror
ⴰⵡⴽ	pull
ⴰⵡⵉ	Assimilate (neo. Gram.)
ⴰⵡⵉ	bring, bring
ⴰⵡⵉ	marry
ⴰⵡⵉ	take
ⴰⵡⵍ	marry, get married
ⴰⵡⵍ	start
ⴰⵡⵏ	climb, climb a climb
ⴰⵡⵔ	be certain
ⴰⵡⵖ	Stop
ⴰⵡⵖ	grazing, grazing, boiling
ⴰⵡⵙ	to help
ⴰⵡⵜ	prepare
ⴰⵡⵣ	watch
ⴰⵢⵍⵍ	fly, fly away
ⴰⵢⵙ	go with wolf
ⴰⵢⵡⵓⵍ	float
ⴰⵢⵣ	Crush, grind
ⴰⵣⴻⵣ	Melt on its prey (bird)
ⴰⵣⵏ	hurry
ⴰⵣⵏ	send, ship
ⴰⵣⵓⴼ	to come down
ⴰⵣⵔ	to participate
ⴰⵣⵣⵍ	to flow
ⴰⵣⵣⵍ	to run
ⴰⵣⵣⵓⵔ	be valid
ⴰⵣⵣⵖ	be dry
ⴰⵣⵣⵖ	go dry
ⴰⵥ	get down, move forward
ⴰⵥ	to be close
ⴰⵥⴹ	Tender (Main)
ⴰⵥⴼ	exclaim
ⴰⵥⵎ	blame, criticize
ⴰⵥⵓ	be enclosed
ⴰⵥⵓ	enclose
ⴰⵥⵓⵎ	fast
ⴰⵥⵕ	torture
ⴱⴰⴱⴱⴰ	back on the back
ⴱⴰⴱⵔ	Cover, be wrapped
ⴱⴰⴷⵔ	to watch
ⴱⴰⴹ	order, to be able, to have authority on
ⴱⴰⴹ	own, hold in hand, have good in hand
ⴱⴰⴹⵛ	Agree, gesticulate (baby)
ⴱⴰⵀⵔ	argue
ⴱⴰⵀⵔ	to scold
ⴱⴰⵍⴰⴽ	leave
ⴱⴰⵔⴰ	be wide open
ⴱⴰⵔⴽ	bless
ⴱⴰⵙⴰ	be incarcerated (for a long time or perpetuity)
ⴱⴰⵙⵍ	be annoying
ⴱⴰⵙⵍ	be bland
ⴱⴰⵙⵍ	be unpleasant
ⴱⴰⵢⵍⴰⵍⴰ	wake up with a start, start, be surprised
ⴱⴱⴰⵇⵇⵉ	explode
ⴱⴱⴽ	crush, pound
ⴱⴱⴽ	squeeze
ⴱⴱⴽ	to hit
ⴱⴱⵉ	Cut, tear, tear yourself away
ⴱⴱⵉ	to cross
ⴱⴱⵉ	to stop
ⴱⴱⵉⴹⴻⴹ	passionate
ⴱⴱⵊ	grind, crush
ⴱⴱⵓⵀⵍⵍⵓ	be stupid, lack intelligence
ⴱⴱⵓⵃ	be kind
ⴱⴱⵓⵃ	be nice
ⴱⴱⵔ	Place promptly and without order or care
ⴱⴱⵕⴱⵕ	boil
ⴱⴱⵖ	be mistaken
ⴱⴱⵖ	stab
ⴱⴱⵖ	to bite
ⴱⴱⵥ	plunge
ⴱⴱⵥ	sink
ⴱⴱⵥ	squeeze
ⴱⴱⵥ	stab
ⴱⴱⵥ	to crush
ⴱⴳⵓ	be pierced
ⴱⴳⵓ	pierce
ⴱⴷⴰ	Start, outline
ⴱⴷⴷ	stand up, get up,
ⴱⴷⴷ	stop
ⴱⴷⵄ	Start
ⴱⴷⵓ	Start, start, start, outline
ⴱⴷⵔ	evoke, quote, mention
ⴱⴹⵉ	Fendiller, be split
ⴱⴹⵉ	hatch
ⴱⴹⵉ	unravel, be pierced, die, be punctured
ⴱⴹⵓ	Share, divide, be shared
ⴱⴹⵓ	distribute
ⴱⴹⵓ	to separate
ⴱⴽⴽⴹ	be spoiled, pampered, pampered
ⴱⴽⴽⴻⴽ	sit
ⴱⴽⴽⵙ	swallow
ⴱⵀⴹ	be scared
ⴱⵀⴹ	to be surprised
ⴱⵀⵀⴳ	Watch with astonishment, look with admiration
ⴱⵀⵀⴳ	to go for a walk
ⴱⵃⴱⵃ	be a hole
ⴱⵃⵃⵔ	Garden, cultivate a vegetable patch
ⴱⵃⵃⵕ	navigate
ⴱⵄⴽⴻⴽ	differ, delay
ⴱⵄⴽⴻⴽ	to be undecided, to hesitate
ⴱⵄⵊ	castrate (an animal)
ⴱⵄⵊ	ride
ⴱⵅⵅⵔ	praise, fumiger
ⴱⵅⵉⵏ	be black
ⴱⵅⵙ	be punctuated
ⴱⵇⴱⵇ	Glouglou, gargarize
ⴱⵇⵇⴰ	to reproach
ⴱⵇⵇⴰ	to frisk
ⴱⵇⵇⴹ	dirty
ⴱⵇⵇⵍ	slap
ⴱⵇⵇⵔ	prick
ⴱⵉⴹⵕ	limp
ⴱⵊⴱⵊ	inflate
ⴱⵊⴱⵊ	soaked, soaked
ⴱⵊⵊⵇ	be spoiled
ⴱⵊⵊⵇ	open up
ⴱⵊⵖⴹ	Banny, spanking
ⴱⵊⵟⴻⵟ	to balance
ⴱⵍⴱⴹ	Shout, vociferate, howl
ⴱⵍⴱⴹ	swarm
ⴱⵍⴱⵍ	bleat
ⴱⵍⴱⵍ	to scream loudly
ⴱⵍⵇⵣ	Divague, delirious
ⴱⵍⵍⴳ	look wide open
ⴱⵍⵓ	fiddle
ⴱⵍⵓⵍⵍⵙ	be fertile
ⴱⵍⵓⵍⵓ	sink
ⴱⵍⵓⵍⵖ	ride (eyes)
ⴱⵏⴰ	build, build
ⴱⵏⴱⵏ	buzz
ⴱⵏⴱⵏ	whistle in the air (projectile)
ⴱⵏⴷ	be neglected, neglected
ⴱⵏⴷⵇ	greet by bowing
ⴱⵏⵏⴷ	stand up, stand straight, stand up
ⴱⵏⵏⵊ	anesthetize
ⴱⵏⵏⵊ	be anesthetized
ⴱⵏⵏⵕ	Coit, fornicate
ⴱⵏⵏⵣ	Boycotter (neo.)
ⴱⵏⵏⵣ	ignore someone
ⴱⵏⵓ	build, build
ⴱⵏⵟⵕ	be haughty
ⴱⵏⵟⵕ	be obese
ⴱⵏⵟⵕ	be swollen, swollen
ⴱⵏⵥⵕ	Having your head, to whiten
ⴱⵓⴱⴱⴰ	back on the back
ⴱⵓⴱⴱⴰ	support
ⴱⵓⴽⴹ	be blind, be reached of blindness
ⴱⵓⵀⵉⵜ	Living alone, living withdrawn
ⴱⵓⵀⵉⵜ	be wild
ⴱⵓⵀⵏ	Cooking a meat or butter dish
ⴱⵓⵃ	stink
ⴱⵓⵄ	crawl
ⴱⵓⵅ	spit
ⴱⵓⵅⵙⵉ	go out
ⴱⵓⵅⵙⵉ	suffocate
ⴱⵓⵇⵉ	spurt
ⴱⵓⵊⵊⵄ	Extend (Péj.)
ⴱⵓⵍⵍⵄ	be impaired, soft, flask
ⴱⵓⵍⵍⵄ	stain
ⴱⵓⵏⴰ	be good
ⴱⵓⵔ	Stay fallow (earth), be non -irrigable
ⴱⵓⵔ	go beyond marriage
ⴱⵓⵔⵔⵏ	become wild
ⴱⵓⵔⵛ	have goosebumps
ⴱⵓⵔⵣ	be proud, be honorable
ⴱⵓⵕⴹ	moldy
ⴱⵓⵖⵍⵓ	be full of
ⴱⵓⵛⵛⵅ	have blisters, bulbs
ⴱⵓⵟⵟⵃ	Extend to his ease (Péj.)
ⴱⵓⵢⴷⴰ	eat with satiety
ⴱⵓⵥⵥⵍ	lie down, spread out
ⴱⵔⴱⵃ	be black
ⴱⵔⴱⵃ	darken (time)
ⴱⵔⴱⵃ	darllash
ⴱⵔⴱⵔ	Larmoyer (eyes)
ⴱⵔⴱⵛ	be spotted
ⴱⵔⴳⵎ	mumble
ⴱⵔⴽⵏ	be black, blacken (intr.)
ⴱⵔⵉ	bruise
ⴱⵔⵉ	grind, be crushed
ⴱⵔⵉⵅⵙⵉ	suffocate, choke
ⴱⵔⵏⵛ	fallow land
ⴱⵔⵓⵅⵙⵉ	vacillating (light)
ⴱⵔⵓⵔⵉ	lump
ⴱⵔⵔⴰ	Release his responsibility, deny
ⴱⵔⵔⵃ	make the public auction
ⴱⵔⵔⵇ	get angry
ⴱⵔⵔⵎ	Drill with a twist, twist
ⴱⵔⵔⵎ	to bite
ⴱⵔⵔⵏ	show
ⴱⵔⵔⵣ	horn
ⴱⵔⵖⵣ	to joke
ⴱⵔⵛ	injure
ⴱⵔⵛ	pound, torture
ⴱⵔⵛⵎ	Shall, natale
ⴱⵔⵡⵉ	Be soiled, polluted (water)
ⴱⵔⵣ	plunder
ⴱⵔⵣ	raid
ⴱⵕⴹ	defecate
ⴱⵕⴽⵉⴽⴽⴹ	Shake its paws (stupid) convulsively
ⴱⵕⵎ	Turillating (tr.), Twisting, twisted
ⴱⵕⵕⵎ	Turn, turn back, look back
ⴱⵕⵕⵎ	change direction, turn back
ⴱⵕⵡ	be polluted (water)
ⴱⵖⴱⵖ	Fill, be filled to the brim
ⴱⵖⴱⵖ	beard supplied
ⴱⵖⵎ	coo
ⴱⵙⵉ	scanned
ⴱⵙⵉⵙⵙⵇ	shine
ⴱⵙⵍ	be tasteless
ⴱⵙⵍ	be unpleasant, be annoying
ⴱⵛⵛⴻⵛ	urinate
ⴱⵛⵛⵖ	be covered with pustules
ⴱⵜⵀⵍ	rave
ⴱⵟⵟⵏ	double
ⴱⵡⵡⵄ	To vomit
ⴱⵣⴱⵣ	swarm (be covered with tingling), be numb
ⴱⵣⴳ	be swollen
ⴱⵣⴳ	be wet
ⴱⵣⵍ	pour out
ⴱⵣⵔ	plume
ⴱⵣⵔ	contribute, contribute
ⴱⵥⴹ	urinate
ⴱⵥⵓⵥⵉ	be swollen
ⴱⵥⵥⵄ	liquor (liquid)
ⴱⵥⵥⵄ	spread
ⴱⵥⵥⵄ	spurt
ⴱⵥⵥⵕ	din
ⴱⵥⵥⵕ	disorder
ⴳ	constitute, to be, to become
ⴳ	do, commit, put, place, ask
ⴳⴰⵡⵔ	Stay, stay
ⴳⴰⵡⵔ	sit
ⴳⴱⵓ	be gone
ⴳⴱⵓ	pierce, pierce, pierce
ⴳⴱⵔ	mediate
ⴳⴱⵥ	squeeze
ⴳⴳⴰⴷⵊ	to relocate
ⴳⴳⴰⴼⵉ	Climb, climb, go up
ⴳⴳⴰⴼⵉ	run along
ⴳⴳⴰⵍⵍ	swear, take oath
ⴳⴳⴰⵎⵉ	can not
ⴳⴳⴰⵏⵉ	wait, wait
ⴳⴳⴻⴳ	thunder
ⴳⴳⵉⵥⵥ	bow, be unbalanced
ⴳⴳⵏⵙⵔ	rush
ⴳⴳⵏⵙⵔ	tumble
ⴳⴳⵓⴳ	go away
ⴳⴳⵓⴷⵉ	be abundant
ⴳⴳⵓⴷⵉ	be in a heap, pile up
ⴳⴳⵓⴼⴼⵓ	be stupid
ⴳⴳⵓⵊ	decamper, move
ⴳⴳⵓⵏⵣⵔ	nose bleed
ⴳⴳⵓⵕⴹⵎ	fracture
ⴳⴳⵔ	to touch
ⴳⴳⵔⵓ	Arrive (event), happen
ⴳⴳⵔⵓ	be late, stay back, be the last
ⴳⴳⵙ	toast, roast, roast
ⴳⴳⵯ	Wash the laundry by rubbing
ⴳⴳⵯ	knead
ⴳⴳⵯⴷ	be afraid
ⴳⴳⵯⵉ	spur
ⴳⴳⵯⵉ	to touch
ⴳⴳⵯⵊ	be far away
ⴳⴳⵯⵍⴼⴹ	throw down
ⴳⴳⵯⵣ	to come down
ⴳⴷⵓⴷ	Gather, group together
ⴳⴹ	swallow, strangle while swallowing
ⴳⴹⵍ	be on the point of going to bed (the sun)
ⴳⴹⵎ	to divide in two
ⴳⴼⴼⴹ	roll up their sleeves
ⴳⵃⴹ	be dry
ⴳⵄⵄⴷ	ascend
ⴳⵄⵄⴷ	raise
ⴳⵄⵄⴷ	rise
ⴳⵉⴷⴷⵉ	be equal
ⴳⵉⴷⴷⵉ	be flat, dish
ⴳⵉⵜⵉ	be planted
ⴳⵊⴳⵊ	Group, group around something
ⴳⵍ	be backfilled
ⴳⵍ	leave
ⴳⵍⴼ	be stingy
ⴳⵍⵉ	DELIVE, BORNER
ⴳⵍⵉ	conduct
ⴳⵍⵎ	describe
ⴳⵍⵎ	Stagner (liquid), form a tablecloth
ⴳⵍⵎ	be blunt
ⴳⵍⵓⴳⵍ	stagnate
ⴳⵎ	growing up
ⴳⵎ	to be raised
ⴳⵎ	to push
ⴳⵎⵉ	look for
ⴳⵎⵎⴹ	swaddle
ⴳⵎⵎⵏ	Arrange the land into squares
ⴳⵎⵔ	hunt (hunting)
ⴳⵎⵔ	to fish
ⴳⵏ	lengthen
ⴳⵏ	sleep, go to bed
ⴳⵏⴷ	to be mean
ⴳⵏⴼⴰ	to be cured
ⴳⵏⵏⴼ	punch or head on the nose
ⴳⵏⵓ	to sew
ⴳⵏⵓⴳⵢ	dash
ⴳⵏⵓⴳⵢ	fall, fall
ⴳⵓⴳ	handle
ⴳⵓⴳⴳⵓ	be smoked
ⴳⵓⴹⵉ	thank
ⴳⵓⴼ	to fail
ⴳⵓⴼⵙⵓ	to rot
ⴳⵓⵊⵍ	orphan
ⴳⵓⵍⵓ	reach, reach
ⴳⵓⵏⴷⵓ	be wet
ⴳⵓⵔⵣⵓ	be a hole
ⴳⵓⵙⵎⵓ	have an indigestion
ⴳⵓⵛⵛⵔ	to be sad
ⴳⵔ	ascend
ⴳⵔ	take, reach
ⴳⵔ	throw away
ⴳⵔ	to place
ⴳⵔ	weave
ⴳⵔⴰⵡⵍ	change their opinion, change your mind
ⴳⵔⴰⵡⵍ	turn on
ⴳⵔⴷ	be tamed
ⴳⵔⴷⵖ	rip
ⴳⵔⵉⴳⵔⵜ	be leveled, flattened, horizontal
ⴳⵔⵉⵔⴱ	to roll
ⴳⵔⵉⵡⵍ	change their opinion, change your mind
ⴳⵔⵉⵡⵍ	turn on
ⴳⵔⵓ	glean
ⴳⵔⵓ	pick up
ⴳⵔⵓ	reunite
ⴳⵔⵓⵔⵙ	grind
ⴳⵔⵓⵔⵙ	shiver
ⴳⵔⵔⵄ	burp
ⴳⵔⵔⵄ	expand
ⴳⵔⵔⵊ	cut out, shave
ⴳⵔⵙ	freeze, freeze
ⴳⵔⵙ	winter
ⴳⵡⴰ	to be tired
ⴳⵡⴹ	set foot on the feet, trample
ⴳⵣⴰ	represent
ⴳⵣⵉ	vaccinate
ⴳⵣⵉⵍ	be short
ⴳⵣⵎ	hurt
ⴳⵣⵎ	to cut
ⴳⵣⵣⵏ	charlatanism
ⴳⵯⴱⵉ	to bite
ⴳⵯⴷⵎ	tip
ⴳⵯⵉ	shake someone to wake them up
ⴳⵯⵉ	sting, spur
ⴳⵯⵎⵉ	to spell
ⴳⵯⵎⵎ	sip
ⴳⵯⵔⴷ	be tamed, tamed
ⴷⴰⴷⴰ	be covered with pimples
ⴷⴰⴷⵔ	Drinking with one stroke, drinking with big sips, Lamper
ⴷⴰⵃⵔ	getting into it, trying to learn
ⴷⴰⵡⴰ	cure
ⴷⴱⴱⴻⴱ	be content with little
ⴷⴱⴱⵏ	mend, repair
ⴷⴳⴳⵔ	Packing, giving in a pledge
ⴷⴳⴷⴳ	crush
ⴷⴳⴷⴳ	grind
ⴷⴳⴷⴳ	to crush
ⴷⴳⵯⵙ	start of surprise or fear
ⴷⴷⴰⵔⵜ	be fat
ⴷⴷⴳ	launch (a lance)
ⴷⴷⴻⴷ	sweat, sweat
ⴷⴷⵎ	sting (thorn)
ⴷⴷⵎ	to bite
ⴷⴷⵎ	dip
ⴷⴷⵎ	drip
ⴷⴷⵎ	rush in
ⴷⴷⵓ	go, go
ⴷⴷⵓⴽⴽⵍ	have a love relationship
ⴷⴷⵓⴽⴽⵍ	to develop a friendship
ⴷⴷⵓⵀⵛⵔ	deaf
ⴷⴷⵓⵅⵛⵎ	enlist
ⴷⴷⵓⵇⵇⵔ	be silly
ⴷⴷⵓⵎⵙⵍ	Be soiled or smeared with fatty substance
ⴷⴷⵔ	live, being alive
ⴷⴷⵔⴼ	hurry up
ⴷⴷⵔⴼⵉ	be freed, released
ⴷⴷⵖ	drill
ⴷⴷⵣ	beat, hit
ⴷⴷⵣ	pound
ⴷⴷⵣ	tamp
ⴷⴼⴷⴼ	hand out
ⴷⴼⵙ	pile up
ⴷⴼⵙ	stuff
ⴷⴼⵛ	allude, insinuate
ⴷⴽⵓⵔ	defecate
ⴷⴽⵓⵔ	defile
ⴷⵀⵡⵔ	be dizzy
ⴷⵃⴰ	bake
ⴷⵃⴰ	light the fire
ⴷⵃⴷⵃ	be corpulent
ⴷⵃⵃⵙ	be cramped, be cramped
ⴷⵃⵉ	dismiss
ⴷⵃⵉ	hunt (expel), dismiss
ⴷⵃⵉ	pamper
ⴷⵄⴷⵄ	Fill in excess, bonder, be crowded
ⴷⵄⴷⵄ	be struck down by the disease
ⴷⵄⵇ	overwhelm
ⴷⵄⵍⴳ	speed up
ⴷⵄⵓ	invoke God
ⴷⵄⵓ	to wish
ⴷⵄⵓ	translate to justice
ⴷⵅⵎ	sew, hit
ⴷⵉⴷⴷⵉ	scare
ⴷⵉⵡ	jump, disperse (frightened herd)
ⴷⵉⵡ	wake
ⴷⵊ	leave, abandon
ⴷⵊⵉⵡⵏ	to eat plenty
ⴷⵍ	Covered (bird)
ⴷⵍ	cover, cover, put a blanket
ⴷⵍⵃ	run afterwards
ⴷⵍⵃ	to kick
ⴷⵍⵇⵎ	burn, repress
ⴷⵍⵇⵎ	to comment
ⴷⵍⵍⴻⵍ	auction
ⴷⵍⵢⵇ	Visit Unwelcome, Building
ⴷⵎⵎⴻⵎ	blame
ⴷⵎⵎⴻⵎ	implore, beg
ⴷⵎⵎⵔ	Make a little one from his mother (animal)
ⴷⵎⵔ	jam, push
ⴷⵎⵖ	Controller, murdered
ⴷⵎⵖ	stupefy
ⴷⵎⵙ	save
ⴷⵏⴷⵏ	hum, singing
ⴷⵏⴷⵏ	resound
ⴷⵏⴷⵏ	scratching lute strings
ⴷⵏⵏⴽ	go east
ⴷⵏⵓⵏⵙ	to be dirty
ⴷⵓⴽⴽⵉ	flee, start to run
ⴷⵓⴽⴽⵔ	come back, turn around, turn around
ⴷⵓⵀⴷⵓ	take drugs
ⴷⵓⵎ	last, continue
ⴷⵓⵔⴷⵓ	be greedy
ⴷⵓⵔⵔⵉ	disappear, shirk
ⴷⵓⵙ	be strong, healthy
ⴷⵓⵛⵛⴰ	kneel
ⴷⵓⵢ	start, jump
ⴷⵓⵢ	wake
ⴷⵔ	ride a rope
ⴷⵔⴱⴳ	be dizzy
ⴷⵔⴷⵎ	stumble
ⴷⵔⴷⵔ	sprinkle
ⴷⵔⴽ	be able to be strong
ⴷⵔⵉ	abort
ⴷⵔⵉⵔⴰ	be put in order
ⴷⵔⵉⵔⴰ	be untied, disentangled, dismissed
ⴷⵔⵎⵍ	have a blindness
ⴷⵔⵓ	share a meal
ⴷⵔⵓ	to participate
ⴷⵔⵓ	be deep
ⴷⵔⵓⵙ	to be few, not very abundant, to be in small numbers, to be rare
ⴷⵔⵔⵄ	bleat
ⴷⵔⵔⵎ	act without thinking, speak wrongly and through
ⴷⵔⵔⵎ	go for it, rush, shake up
ⴷⵔⵔⵎ	unnecessary
ⴷⵔⵔⵣ	weave
ⴷⵔⵖⵍ	be or become blind, be reached of blindness
ⴷⵔⵙ	align
ⴷⵔⵙ	scroll
ⴷⵔⵣ	to dance
ⴷⵖⴷⵖ	be bruised (person)
ⴷⵖⴷⵖ	be damaged
ⴷⵖⴷⵖ	be flayed
ⴷⵖⵉⵖⵉ	be anxious, anxious
ⴷⵖⵉⵖⵉ	look for
ⴷⵖⵉⵖⵉ	rummage with anxiety, search with frenzy
ⴷⵖⵍ	be frelated
ⴷⵖⵍ	be unhealthy
ⴷⵖⵎⴻⵎ	be blackish, dark, dull (face complexion)
ⴷⵖⵎⵓⵎⵛ	succumb under a weight, be crushed by a force
ⴷⵖⵎⵙ	Board (tooth)
ⴷⵙⵙⴻⵙ	watch, tend a trap
ⴷⵙⵜⵔ	constitutionalize
ⴷⵡⵍ	become
ⴷⵡⵍ	come back, go back (over there)
ⴷⵡⵡⵃ	rocker
ⴷⵡⵡⵅ	scared of heights
ⴷⵡⵡⵅ	vanish
ⴷⵡⵡⵙ	go and come
ⴷⵡⵡⵙ	peddle
ⴷⵢⵢⵣ	speak wrongly and through
ⴷⵢⵢⵣ	to speak well
ⴹⴱⴱⵕ	cope
ⴹⴱⴱⵕ	find, find
ⴹⴱⵍ	to lose weight
ⴹⴱⵕ	hurt (by friction)
ⴹⴱⵥ	to be fat
ⴹⴳⵥ	torture
ⴹⴹⵓⴹⵉ	sound, resonate
ⴹⴹⵓⵕⴹⵕ	be deaf
ⴹⴼⵉ	Coat, dirty (soft or viscous product (péj.))
ⴹⴼⵕ	continue
ⴹⴼⵕ	duty a debt
ⴹⴼⵕ	tab
ⴹⴼⵚ	bend
ⴹⵀⵕ	seem to appear
ⴹⵀⵚ	awkward
ⴹⵉ	extract, extract
ⴹⵉ	hunt, continue
ⴹⵉ	solve a problem)
ⴹⵉⵡ	wander
ⴹⵍⵍⵚ	be embroidered
ⴹⵍⵓ	be black
ⴹⵍⵓ	be wet, wet
ⴹⵎⵎⵍ	slap
ⴹⵎⵎⵛ	slap
ⴹⵎⵏ	to guarantee
ⴹⵏⵉ	be big, thick
ⴹⵏⵥ	ly in a sneaky way
ⴹⵏⵥ	make fun of someone subtly
ⴹⵓ	fly, fly away
ⴹⵓⴼ	keep, monitor
ⴹⵓⵅⵎⵚ	have bumps, be bruised
ⴹⵓⵇⵇⵥ	explode
ⴹⵓⵕ	be surrounded
ⴹⵓⵕ	turn around
ⴹⵕ	to come down
ⴹⵕ	to fall
ⴹⵕⴹⵇ	detonate, burst
ⴹⵕⴹⵇ	slam
ⴹⵕⵀ	mute
ⴹⵕⵏ	rotate
ⴹⵕⵏ	to spill
ⴹⵕⵕⴼ	be nice, kind
ⴹⵕⵕⵄ	explore
ⴹⵕⵕⵄ	cry, sobbing
ⴹⵕⵕⵚ	cringing teeth, annoying your teeth
ⴹⵕⵕⵚ	graze
ⴹⵕⵥ	Cover a terrace, a roof
ⴹⵚⵕ	be not very serious
ⴹⵚⵚⴰ	laugh
ⴹⵚⵚⴰ	mock
ⴹⵡⵡⵕ	turn
ⴼⴰ	yawn
ⴼⴰⴷⵉ	suppurate
ⴼⴰⴼⴰ	dash
ⴼⴰⴼⴰ	look for
ⴼⴰⴼⴰ	wake
ⴼⴰⴽⵚⵉ	fax
ⴼⴰⵔⵔⵉ	fly, fly away
ⴼⴰⵕⵥⵥⴰ	jump
ⴼⴰⵙⵔ	interpret
ⴼⴰⵚⵍ	agree, arrange
ⴼⴰⵜⵔ	to invoice
ⴼⴰⵡ	be transparent
ⴼⴰⵡ	get up (day)
ⴼⴹⴹⵓ	Finish, finish
ⴼⴹⵓ	Finish, finish
ⴼⴼⴰⵢⵔⵔ	steal
ⴼⴼⵉ	Pour, be poured
ⴼⴼⵉⵖⵙ	cracked
ⴼⴼⵓ	Power (day, sun)
ⴼⴼⵓ	be in the morning
ⴼⴼⵓⴷ	to be thirsty
ⴼⴼⵓⴽⵙ	Show address, intelligence
ⴼⴼⵓⴽⵙ	to exceed the limits
ⴼⴼⵓⵔⵙ	be chapped (hands, lips, etc.)
ⴼⴼⵓⵙ	can not
ⴼⴼⵔ	hide, hide, hide
ⴼⴼⵔⵙⵉ	break up, be fragmented
ⴼⴼⵔⵙⵍ	be chapped (hands, lips, etc.)
ⴼⴼⵖ	appear
ⴼⴼⵖ	go out
ⴼⴼⵥ	to chew
ⴼⴽ	give, attribute, provide, put back
ⴼⴽⵕⴹ	wad in the blood
ⴼⵀⵎ	to understand
ⴼⵅⵙ	split
ⴼⵇⵄⴰ	to get angry
ⴼⵉ	suppurate
ⴼⵉⴷⵉ	be bruised, flayed (by friction)
ⴼⵉⵇⵇⵙ	cracked
ⴼⵉⵔⵔⵉ	steal
ⴼⵉⵢⵢⵛ	boast
ⴼⵊⵊⵉⵊ	be good, feel good
ⴼⵍ	leave, abandon
ⴼⵍⴳⵍⴳ	flare (intr.)
ⴼⵍⵓ	chopping wood
ⴼⵍⵓⴼⵍ	be exasperated
ⴼⵍⵓⴼⵍ	overflow (liquid)
ⴼⵍⵓⴼⵍ	skim (intr.), foam
ⴼⵍⵓⴼⵍⵓ	mirroy
ⴼⵍⵓⴼⵓ	boil
ⴼⵍⵙ	trust
ⴼⵍⵢ	crack
ⴼⵍⵢ	operate, be operated on
ⴼⵍⵢ	tear, tear yourself away
ⴼⵏⴻⵏ	bud
ⴼⵏⴼⵕ	be smeared
ⴼⵏⵏⵛ	cringe
ⴼⵏⵓ	annihilate
ⴼⵏⵥ	decrease, lower
ⴼⵓⴳ	yawn
ⴼⵓⴷⵉ	to flow
ⴼⵓⴽⴽⵓ	issue
ⴼⵓⴽⴽⵓ	to end
ⴼⵓⵍⴽⵉ	to be beautiful
ⴼⵓⵍⴽⵉ	to be good
ⴼⵓⵍⵍⴹ	be engulfed
ⴼⵓⵍⵜⵓ	intermingle
ⴼⵓⵍⵜⵓ	be confused, confused
ⴼⵓⵏⵣⵔ	nose bleed
ⴼⵓⵔⴷⵓ	be slightly crushed
ⴼⵓⵛⵛⴹ	be awkward
ⴼⵓⵛⵛⴹ	be engulfed
ⴼⵔ	peel, scrap
ⴼⵔⴳ	enclosed by a hedge
ⴼⵔⴳ	protect
ⴼⵔⴷ	eg greedy
ⴼⵔⴷ	graze
ⴼⵔⴼⵔ	fly, fly, fly away
ⴼⵔⴽ	foreseen
ⴼⵔⴽ	realize
ⴼⵔⵉⵔⵔⵙ	Welcome, warmly greet
ⴼⵔⵉⵔⵙ	to bend
ⴼⵔⵏ	to sort
ⴼⵔⵏⵙ	smile
ⴼⵔⵓ	explain
ⴼⵔⵓ	pay, pay
ⴼⵔⵓⴽⴽⵉ	divide into
ⴼⵔⵓⵔⴷ	graze
ⴼⵔⵓⵔⵅ	hatch
ⴼⵔⵓⵔⵉ	Figure, crumble, be gonnae
ⴼⵔⵔⵄ	Open, be open
ⴼⵔⵔⵣ	prove, demonstrate
ⴼⵔⵔⵣ	talk about
ⴼⵔⵖ	be dishonest
ⴼⵔⵖ	be twisted
ⴼⵔⵙ	Cut, prune, swallow
ⴼⵔⵙ	be sharp
ⴼⵔⵙⵍ	have a chapter
ⴼⵔⵛⵅ	divide into
ⴼⵔⵜⵃ	go fast, go away
ⴼⵕⴹ	sweep, clean, clean
ⴼⵕⵕⵊ	look with curiosity
ⴼⵕⵕⵊ	watch a show
ⴼⵕⵚⴹ	Malle, brutalize
ⴼⵙⵉ	flourish (flower)
ⴼⵙⵉ	to melt
ⴼⵙⵉ	undo, unravel
ⴼⵙⵉⵙ	be light
ⴼⵙⵉⵙ	frivolize
ⴼⵙⵍ	unravel
ⴼⵙⵓ	bud
ⴼⵙⵓ	disadvantage
ⴼⵙⵓ	grow, push, flourish
ⴼⵙⵔ	Expose, be exposed
ⴼⵙⵔ	spread out
ⴼⵙⵜ	to shut up
ⴼⵛⴷ	present their condolences
ⴼⵛⵃ	be capricious, be spoiled (child)
ⴼⵜⴰⵜⵍ	to shiver
ⴼⵜⵃ	to swim
ⴼⵜⵉ	to conjugate
ⴼⵜⵍ	Brass, Corder
ⴼⵜⵍ	ride the semolina
ⴼⵜⵓ	In the Inaccompted: Walking
ⴼⵜⵓ	go, go away, leave
ⴼⵜⵓⵜⵉ	crumble
ⴼⵜⵓⵜⵉ	swarm to be full of
ⴼⵜⵓⵜⵜⵙ	Faner, withered (plant or flower)
ⴼⵜⵙ	scatter
ⴼⵡⵡⵕ	Cook, steamed
ⴼⵡⵡⵕ	evaporate
ⴼⵥⵥ	to chew
ⴽⴰⴽⵍ	walk in the footsteps, chase
ⴽⴰⵎⴷ	be careful, take an interest
ⴽⴹⵓ	smell
ⴽⴹⵓ	sniff
ⴽⴼ	give, attribute, endow
ⴽⴼ	to put back
ⴽⴼⴹ	own
ⴽⴼⴹ	to feed
ⴽⴼⵏ	bury
ⴽⴼⵔⵓⵔⵉ	crumble
ⴽⴽ	came from
ⴽⴽ	pass
ⴽⴽ	to visit
ⴽⴽⴹ	blind
ⴽⴽⴻⴽ	crack
ⴽⴽⵉⵍ	curdle
ⴽⴽⵓⵍ	fear (an authority)
ⴽⴽⵓⵍ	make the case
ⴽⴽⵓⵍ	worry about
ⴽⴽⵓⵎⵎⵅ	cower
ⴽⴽⵓⵙ	to inherit
ⴽⴽⵓⵙⵓ	to inherit
ⴽⴽⵓⵜⵜⵔ	be alert, awake
ⴽⴽⵔ	germinate (germinate)
ⴽⴽⵔ	rise
ⴽⴽⵔ	stand up
ⴽⴽⵙ	Remove, remove, remove
ⴽⴽⵙ	confiscate
ⴽⴽⵙ	to tear out
ⴽⴽⵛⵜⵓ	tip
ⴽⴽⵯⵎ	grind
ⴽⴽⵯⵎ	pound
ⴽⴽⵯⵎ	to beat
ⴽⴽⵯⵔ	peck
ⴽⴽⵯⵔ	to click
ⴽⵀⵎ	to notice
ⴽⵄⴱⵏ	moldy
ⴽⵉⴽⴽⴹ	be tickled
ⴽⵉⵙ	be alert
ⴽⵉⵙ	be mischievous
ⴽⵊⵎ	walk in
ⴽⵍ	spend the day
ⴽⵍⴼⵍⴼ	tighten
ⴽⵍⵉⴽⵉ	to click
ⴽⵍⵓ	be colored
ⴽⵍⵓ	black
ⴽⵍⵓ	color
ⴽⵍⵓⵍⴼ	be caressed
ⴽⵍⵙ	dry the meat
ⴽⵍⵙ	to cut
ⴽⵍⵜⵓ	Waddle
ⴽⵍⵜⵓ	to dance
ⴽⵎⴹ	burn, be burned
ⴽⵎⵉ	to smoke
ⴽⵎⵎⵍ	Finish, finish, finish, complete
ⴽⵎⵎⵍ	be over
ⴽⵎⵎⵙ	pack
ⴽⵎⵓ	to smoke
ⴽⵎⵓⵎⵎⵛ	be a ratatored
ⴽⵎⵓⵎⵎⵛ	cower
ⴽⵎⵙ	sew in hand
ⴽⵎⵙ	tie in a fabric
ⴽⵎⵣ	pinch
ⴽⵎⵣ	scratch
ⴽⵏ	arrange
ⴽⵏ	be correct
ⴽⵏ	to be beautiful
ⴽⵏⴷ	despise
ⴽⵏⴷⵔ	breathe
ⴽⵏⴼ	toast, roast
ⴽⵏⴽⵔ	gnaw
ⴽⵏⵓ	be curled, tilted, leaning
ⴽⵏⵓⵏⵏⵉ	Roll, Roulades (make Des-)
ⴽⵏⵓⵏⵏⵉ	to fall
ⴽⵏⵥⴻⵥ	groan
ⴽⵓⴷⴷⴰ	to cook
ⴽⵓⴼⴹ	be nourished other than with his mother's milk
ⴽⵓⴽⴹ	be fragile
ⴽⵓⴽⴽⵔ	be covered with pimples
ⴽⵓⵏⵣⵔ	nose bleed
ⴽⵓⵙⵎ	be salted
ⴽⵓⵛⵎ	paralyze
ⴽⵓⵡ	dehydrate
ⴽⵓⵢⴻⵢ	make efforts, persevere
ⴽⵔⴰ	to rent out
ⴽⵔⴱⵍ	Book, Biner
ⴽⵔⴼ	Direct, tie, be attached, tied up
ⴽⵔⴼ	paralyze, be paralyzed
ⴽⵔⴽⵔ	pile up the stones
ⴽⵔⵉ	reduce, decrease
ⴽⵔⵉⵔⵉ	hang
ⴽⵔⵉⵔⵓ	hang out
ⴽⵔⵎ	chill
ⴽⵔⵎ	fold over
ⴽⵔⵎ	sway
ⴽⵔⵎⵔⵎ	be rooted
ⴽⵔⵓ	to rent out
ⴽⵔⵔⴷ	be armed
ⴽⵔⵙ	tie
ⴽⵔⵛⴷ	scare
ⴽⵔⵡⵉ	gallop
ⴽⵔⵣ	plow
ⴽⵕⴹ	comb
ⴽⵕⴹ	scrape
ⴽⵕⴼⴹ	steal
ⴽⵕⴽⴹ	spell
ⴽⵕⵓⵕⵥ	be tight
ⴽⵕⵥ	to squeeze
ⴽⵙ	graze
ⴽⵙⵉ	Adapt (neo.)
ⴽⵙⵉ	carry
ⴽⵙⵉ	raise
ⴽⵙⵉ	take
ⴽⵙⵉⵍ	Haleter, blow
ⴽⵙⵏ	hate
ⴽⵙⵙⵉⵙ	be fragile
ⴽⵛⴽⵛ	To get angry
ⴽⵛⴽⵛ	foam
ⴽⵛⵎ	enter
ⴽⵛⵎ	walk in
ⴽⵛⵛⴹ	strip, plunder
ⴽⵛⵛⴹ	to burglarize
ⴽⵜⵉ	Remember, remember
ⴽⵜⵉ	be fled (fire)
ⴽⵜⵔ	load
ⴽⵡⵉ	shake
ⴽⵢⴹ	quarrel
ⴽⵯⴼⵙ	sow
ⴽⵯⴼⵙ	sprinkle
ⴽⵯⵙⵉⵙ	be frightened
ⵀⴰⴼ	to be thirsty, to dress thirst
ⵀⴰⵢⴹ	insult
ⵀⴱⴹ	be in disarray
ⵀⴱⵛ	grab, eagerly grasp
ⵀⴹⵕ	to play
ⵀⵍⴽ	Be sick
ⵀⵍⵍⴻⵍ	sing religious songs, recite litanies
ⵀⵍⵓⵍⵍⵓ	to balance
ⵀⵎⵀⵎ	whisper
ⵀⵏⵏⴰ	calm down
ⵀⵏⵓⵏⵏⵉ	to roll
ⵀⵏⵜⴻⵜ	Beat, hit, rosser
ⵀⵏⵜⵔ	damage
ⵀⵏⵜⵔ	devour
ⵀⵓⵍ	worry about
ⵀⵓⵍⴻⵍ	be wild
ⵀⵔⴷ	Beat, hit, rosser
ⵀⵔⴷ	devour
ⵀⵔⵓ	be too mature, be blet
ⵀⵔⵓ	ignite
ⵀⵔⵓⴽⴽⵎ	be overflowed
ⵀⵔⵔ	tickle
ⵀⵔⵔⵎ	gnaw
ⵀⵔⵔⵓ	do well and fast
ⵀⵕⵓⵚⵚⵓ	to be tired
ⵀⵜⵔⴼ	rave
ⵀⵡⵓ	head toward
ⵀⵡⵓ	to come down
ⵀⵡⵡⵍ	tire, annoy
ⵀⵢⵢⵓ	be good, delicious
ⵀⵢⵢⵓ	to be friendly
ⵃⴰⴱⵔ	defend
ⵃⴰⴷⴰ	go along, walk along, with
ⵃⴰⴷⴰ	to touch
ⵃⴰⴷⵣ	approach
ⵃⴰⴷⵣ	take refuge
ⵃⴰⴹⵕ	be present, appear, appear
ⵃⴰⴽⴰ	discover
ⵃⴰⵃⴰ	wander
ⵃⴰⵔⴱ (-ⵅⴼ)	treat well
ⵃⴰⵔⴽⴰ	go to the military campaign
ⵃⴰⵔⵇ	insult
ⵃⴰⵕⵕⵓ	to hasten, to rush, to hurry
ⵃⴰⵛⴰ	to avoid
ⵃⴰⵛⴰ	to hate
ⵃⴰⵡⵇ	Melt on (bird)
ⵃⴰⵡⵍ	console, implore
ⵃⴰⵡⵍ	overdo it
ⵃⴰⵢⵣⵓⵣ	to balance
ⵃⴰⵣ	Discard, move away, move to give way
ⵃⴱⴹ	covered
ⵃⴱⴽ	be smooth
ⵃⴱⵓ	hide, hide
ⵃⴱⵓⴱⴱⴹ	covered
ⵃⴱⵓⵥⵥⵍ	lie down (péj.)
ⵃⴱⵔⵓⵔⵛ	Form small balls (fabric, wool)
ⵃⴳⵕ	despise, disdain
ⵃⴷⴰⵊⵊ	need
ⵃⴹⵓ	monitor, spy, take care of
ⵃⴼⴼⴻⴼ	cut the hair
ⵃⴼⴼⴻⴼ	style
ⵃⴼⵓ	be blurred, brought up (frame), worn out
ⵃⴼⵓⴼⵓ	be emptied
ⵃⴽⴽ	Coagulate, curd
ⵃⴽⴽⵔ	be careful
ⵃⵃⵉⴱⵔ	be insolent
ⵃⵃⵓⵢⴹ	be foolish, silly, crazy
ⵃⵃⵔⵡⵛ	picking up firewood
ⵃⵇⵇⴰ	Make sure, be sure
ⵃⵉⴷⵉ	go along, rub shoulders
ⵃⵉⴹⵕ	limp
ⵃⵉⵊⵊ	pilgrimage
ⵃⵉⵍ	spare, measure (do with measure)
ⵃⵉⵏ	to walk slowly
ⵃⵊⵎ	bail
ⵃⵊⵎ	circumcise
ⵃⵊⵎ	shave (skull or beard)
ⵃⵍⴱ	eat couscous with milk
ⵃⵍⵃⵍ	roll the couscous by watering it with water
ⵃⵍⵉⵍⵍⵙ	get close to someone
ⵃⵍⵍⴻⵍ	cajolate
ⵃⵍⵍⵊ	pound, grind
ⵃⵍⵍⵓ	delete
ⵃⵍⵍⵙ	build
ⵃⵍⵓ	Make (swallow a liquid by holding your breath)
ⵃⵍⵓ	be beneficial
ⵃⵍⵓ	be delicious
ⵃⵍⵓ	to be beautiful
ⵃⵍⵓⴱⴱⵥ	be obese
ⵃⵍⵓⵍⵍⴹ	slide
ⵃⵍⵓⵍⵍⵓ	oscillate, swing
ⵃⵍⵓⵕⴹ	be polite, polite
ⵃⵍⵓⵙⵙⵎ	go out or go in secret
ⵃⵍⵓⵛⵛⴹ	slide
ⵃⵍⵓⵜⵜⴼ	slide
ⵃⵍⵓⵥⴹ	Disfit, be diluted
ⵃⵎⵃⵎ	be impatient
ⵃⵎⵉⵎⵉ	jack
ⵃⵎⵍ	love, prefer
ⵃⵎⵎⵥ	Start, surround with both arms, embed
ⵃⵎⵓ	be hot, become hot
ⵃⵏⴹⵥ	Ruer, give a ruad
ⵃⵏⵃⵏ	Hennir (horse)
ⵃⵏⵊⴼ	make ways
ⵃⵏⵊⴼ	to boast
ⵃⵏⵏ	sympathize
ⵃⵏⵏⴹ	seize, hold strongly
ⵃⵏⵏⴽ	Coat, paint, color
ⵃⵏⵏⴽ	Salter, stain, mucrate
ⵃⵏⵏⵇ	be tight
ⵃⵏⵓⵏⵏⴹ	be wrapped
ⵃⵏⵓⵏⵏⵉ	Roll up, be rolled up
ⵃⵏⵜ	Do not hold your oath, perjure
ⵃⵏⵟⴻⵟ	respond with insolence, answer the tac to the tac
ⵃⵏⵥⴻⵥ	look at, look at the
ⵃⵓⴷⵓ	to come down
ⵃⵓⴷⵔ	bend, bow, lean
ⵃⵓⴼ	dash
ⵃⵓⴼ	go down the slope
ⵃⵓⴼ	to fall
ⵃⵓⵊⵊⵓ	pilgrimage
ⵃⵓⵏⵊⵔ	be cold
ⵃⵓⵏⵏⵔ	bow down
ⵃⵓⵔⵔⵛ	get one person against another
ⵃⵓⵕⵎⵓ	implore
ⵃⵓⵛ	dancing the ahouach
ⵃⵓⵛ	hunt (expel)
ⵃⵓⵛⵔ	be crippled, deprived of the use of a member
ⵃⵓⵢⵣ	miss, miss (one goal)
ⵃⵓⵣ	squeeze
ⵃⵓⵣ	to push
ⵃⵓⵥⵥⵕ	ask for forgiveness
ⵃⵓⵥⵥⵕ	console
ⵃⵓⵥⵥⵕ	to beg
ⵃⵔⴱ	shake, brutalize
ⵃⵔⴱⵍ	Work wool, weave wool blankets
ⵃⵔⴷ	be angry
ⵃⵔⴷ	to rub
ⵃⵔⴼ	hunt, expel
ⵃⵔⵇ	Vex, get angry, be upset, angry
ⵃⵔⵉ	conduct
ⵃⵔⵉ	grind, crush
ⵃⵔⵓⵔⴷ	crawl
ⵃⵔⵓⵔⵉ	liquefy, be diluted, fluid, viscous
ⵃⵔⵔⴱ	ventilate with a fan
ⵃⵔⵔⴼ	strap
ⵃⵔⵔⴼ	to cut
ⵃⵔⵔⵣ	Prohibit his wife from seeing foreigners (especially in his absence)
ⵃⵔⵔⵣ	Tighten a ribbon around the head
ⵃⵔⵡ	sweep
ⵃⵔⵡⵛ	pick up
ⵃⵕⵎ	Do not own, miss
ⵃⵕⵎ	be unlawful
ⵃⵕⵏ	be recalcitrant, refuse to move forward (frame), do not want to leave a place
ⵃⵕⵕⴱ	be erect, be tamed, be trained
ⵃⵕⵕⴱ	draw up, tame, train
ⵃⵕⵕⴼ	head toward
ⵃⵕⵕⵓ	be bitter
ⵃⵕⵕⵛ	excite, stir up (quarrel)
ⵃⵕⵛ	be rough, hard to the touch
ⵃⵕⵛ	be skillful, be intelligent
ⵃⵙⴷ	jealous, envy
ⵃⵙⵓ	learn by heart
ⵃⵙⵙⴻⵙ	spy
ⵃⵙⵙⴼ	have concerns, be concerned
ⵃⵙⵙⵎ	Drain, press to drain, express water
ⵃⵚⵍ	be caught
ⵃⵚⵕ	to prevent
ⵃⵛⵍⴼ	eagerly
ⵃⵛⵓ	Introduce, slide into
ⵃⵛⵛ	Mow (grass)
ⵃⵛⵛⵎ	be ashamed, to be shy
ⵃⵜⴰⵍ	ambush
ⵃⵜⴼ	take, seize
ⵃⵜⵉⵜⵉ	shiver
ⵃⵜⵉⵜⵉ	whisper
ⵃⵜⵉⵜⵔ	shiver
ⵃⵜⵉⵜⵔ	whisper
ⵃⵜⵍ	form a deposit, stay at the bottom
ⵃⵜⵜⴰ	burden
ⵃⵡⵡⴹ	row
ⵃⵡⵡⵇ	to tear out
ⵃⵡⵡⵚ	delight, unfairly appropriate
ⵃⵡⵡⵚ	walk, do tourism
ⵃⵢⵢⵃ	hunt
ⵃⵢⵢⵃ	yell
ⵃⵢⵢⵃ	whisk
ⵃⵢⵢⵍ	prepare, prepare
ⵃⵢⵢⵍ	to separate
ⵃⵢⵢⵕ	be embarrassed, worried
ⵃⵢⵢⵕ	trance
ⵃⵣⵣⵎ	prepare
ⵃⵣⵣⵎ	swallow
ⵃⵥⵥⴹ	undress, strip
ⵄⴰⴱⵕ	gallop
ⵄⴰⴼⵔ	provide efforts, tackle the task, strive
ⵄⴰⵇⵔ	have a lively discussion
ⵄⴰⵏ	to push
ⵄⴰⵏⴷ	stand up, brave
ⵄⴰⵔⵇ	be distant
ⵄⴰⵙⵇ	Straight, contradict
ⵄⴰⵟⵛ	to bite
ⵄⴰⵟⵟⵕ	Cut the road to someone
ⵄⴰⵟⵟⵕ	go to meet someone
ⵄⴰⵡⵏ	to help
ⵄⴰⵢⴷ	come back
ⵄⴱⴱⵥ	take up
ⵄⴱⴱⵥ	to crush
ⵄⴱⴷ	God (God)
ⵄⴱⵇ	be polluted (atmosphere)
ⵄⴱⵓⴱⴱⵣ	grow, gain weight
ⵄⴱⵕ	weigh, measure
ⵄⴱⵥ	to crush
ⵄⴱⵥ	to lean on
ⵄⴱⵥ	trample
ⵄⴳⵣ	Lasting, being lazy
ⵄⴷⴰ	pass (in time), go through, exceed
ⵄⴷⴷⵓ	be abundant
ⵄⴷⴷⵔ	fall in fall as a fallow
ⵄⴷⵍ	arrange, repair
ⵄⴷⵍ	be suitable
ⵄⴷⵍ	prepare
ⵄⴷⵎ	deteriorate
ⵄⴷⵎ	lose yourself
ⵄⴷⵎ	to get dirty
ⵄⴷⵓ	pass (in time), go through, exceed
ⵄⴹⵕ	be infirm
ⵄⴹⵕ	be reached by a skin disease
ⵄⴼⴼⴰ	to be disgusted
ⵄⴼⴼⴰ	to hate
ⵄⴼⴼⵕ	be haughty
ⵄⴼⵏ	be disgusting, dirty
ⵄⴼⵓ	Heal (God)
ⵄⴼⵙ	trample, walk on
ⵄⴽⴽⴼ	put a scarf on your head
ⵄⴽⴽⵕ	to joke
ⵄⴽⴽⵙ	oppose, stand up
ⵄⴽⴽⵯⵏ	trample, walk on
ⵄⴽⵔⵛ	be reluctant
ⵄⵄⵏⵚⴹ	to sneeze
ⵄⵄⵓⴼⴼⵏ	Hug, become ugly
ⵄⵄⵓⵔⵛ	inflate
ⵄⵄⵓⵣⵔⵉ	stay single
ⵄⵄⵔⴱⵊ	someone
ⵄⵇⴱ	come back, go back, leave
ⵄⵇⵍ	Knowing, understanding
ⵄⵇⵍ	Remember, remember
ⵄⵉⴼⴼ	to be disgusted
ⵄⵉⴼⴼ	to hate
ⵄⵉⵡⵕⴹ	Make a false oath, perjure
ⵄⵊⴱ	to please
ⵄⵊⵊⴱ	Surprising, being surprised, surprised
ⵄⵊⵏ	walk on
ⵄⵍⵄⵍ	grumble
ⵄⵍⵄⵍ	stun
ⵄⵍⵎ	inform, warn, notify
ⵄⵍⵓⵍⵍⵇ	to climb
ⵄⵍⵓⵍⵍⵓ	oscillate
ⵄⵍⵓⵍⵍⵓ	to balance
ⵄⵎⵎⴷ	count on
ⵄⵎⵎⴷ	rely on
ⵄⵎⵎⴷ	let it go, pretend to ignore
ⵄⵏⴳⵔ	Stake, take a haughty air
ⵄⵏⴳⵕ	Strag, bomber the torso
ⵄⵏⴼⵊ	spoil, damage, damage
ⵄⵏⵇ	Do not reach, lose hope
ⵄⵏⵓ	Being, going (condition)
ⵄⵏⵓ	think
ⵄⵏⵚⵕ	Form, appear (source)
ⵄⵓⴱ	Know yourself, know, have experience
ⵄⵓⴷⴷⴰ	go as best as possible
ⵄⵓⵇⵇ	To vomit
ⵄⵓⵎ	bathe, float
ⵄⵓⵔⵔⵎ	be brave
ⵄⵔⵇⴱ	sacrifice an animal in honor of a saint
ⵄⵔⵎ	count on
ⵄⵔⵎ	to get used to
ⵄⵔⵔⵛ	put yourself up, on a raised place
ⵄⵔⵔⵛ	stand up
ⵄⵕⴹ	invite
ⵄⵕⵕⵎ	be disabled not be able to move
ⵄⵕⵕⵎ	be piled up
ⵄⵕⵕⵎ	pile up
ⵄⵙⵙⵍ	fall abundantly (snow)
ⵄⵙⵙⵍ	pile up
ⵄⵙⵙⵍ	take
ⵄⵚⵓ	disobey, revolt
ⵄⵚⵓ	to be tough
ⵄⵚⵚⵎ	tighten
ⵄⵚⵚⵎ	to be dynamic
ⵄⵛⵛⵏ	dirty, be dirty
ⵄⵛⵛⵕ	Take, pay for the chaplain
ⵄⵜⴳ	be vigorous
ⵄⵜⵇ	save
ⵄⵟⵟⵕ	delay
ⵄⵡⵡⴳ	cry loudly, howl
ⵄⵡⵡⴹ	have a nice size
ⵄⵡⵡⴹ	swallow
ⵄⵡⵡⴼ	have a snack
ⵄⵡⵡⵊ	be deformed
ⵄⵡⵡⵍ	count on
ⵄⵡⵡⵏ	to take some fresh air
ⵄⵢⴰⵕ	to play
ⵄⵢⵢⴱ	Criticize (negatively)
ⵄⵢⵢⴷ	Celebrate the Eid Festival
ⵄⵢⵢⴹ	yell
ⵄⵢⵢⵏ	aim (gaze), locate
ⵄⵢⵢⵏ	take the evil
ⵄⵣⵣ	Being dear to
ⵄⵣⵣⴱ	temporarily camping, summarizes the herds
ⵄⵣⵣⴼ	dust
ⵄⵣⵣⵎ	incantations
ⵄⵥⵥⵕ	accentuate (mark with an accent)
ⵄⵥⵥⵕ	mock
ⵅⴳⴳⵍ	sting
ⵅⴷⵎ	be executed
ⵅⴷⵎ	operate, walk
ⵅⴷⵎ	work
ⵅⵅⵉ	defecate
ⵅⵉⴹ	be odd
ⵅⵍⵍⵚ	pay
ⵅⵍⵍⵚ	to be paid
ⵅⵍⵓ	demolish
ⵅⵎⵎⴻⵎ	reflect
ⵅⵎⵎⵕ	joke, play
ⵅⵓⴱ	be unhappy
ⵅⵙ	to desire
ⵅⵙ	to like
ⵅⵙ	want to
ⵅⵙⵉ	go out
ⵅⵚⵚ	to lack
ⵅⵚⵚ	to need
ⵅⵛⵏ	be bad
ⵅⵜⵍ	to be fowarding something
ⵅⵡⵓ	be empty
ⵅⵣⵣⵔ	look down
ⵇⴰⴱⵍ	to take care of
ⵇⴰⴱⵍ	to watch
ⵇⴰⴱⵍ	watch
ⵇⴰⵇⴰ	cackle
ⵇⴰⵇⴰ	to tremble with fear
ⵇⴰⵍ	leave alone, don't disturb
ⵇⴰⵍ	turn over a transaction
ⵇⴰⵎ	prepare (tea)
ⵇⴰⵛⵛⵔ	dry off
ⵇⴰⵛⵛⵔ	paralyze
ⵇⴰⵡⵍ	to promise
ⵇⴱⴱⴹ	joke, tease, have fun
ⵇⴱⴱⵙ	to catch
ⵇⴱⵓⴱⴱⵣ	to gain weight
ⵇⴱⵛ	scratch
ⵇⴷⴷⴻⴷ	Cut the meat into small pieces
ⵇⴷⴷⵃ	container
ⵇⴷⴷⵃ	get drunk
ⵇⴷⴷⵔ	assess, estimate
ⵇⴷⴷⵛ	dive
ⵇⴷⴷⵛ	seduce, convince
ⵇⴷⵉⴷⴷⵓ	tremble with cold
ⵇⴷⵉⴷⴷⵙ	shake
ⵇⴷⵎⵔ	shoot the bridle violently
ⵇⴹⵓ	shopping
ⵇⴹⵓ	end
ⵇⴹⵓ	to cut
ⵇⴼⵇⴼ	be afraid
ⵇⵇⴰⵏ	to (it is necessary that)
ⵇⵇⴰⵔ	be dry
ⵇⵇⴰⵔ	harden (intr.)
ⵇⵇⴰⵙ	to taste
ⵇⵇⴷ	burn
ⵇⵇⴷ	cauterize
ⵇⵇⴷ	to light up
ⵇⵇⵉⵊⵊⵓ	Growing (door)
ⵇⵇⵉⵍ	leave, abandon
ⵇⵇⵉⵍ	save, protect
ⵇⵇⵉⵎ	sit
ⵇⵇⵉⵎ	stay, stay
ⵇⵇⵉⵙ	touch
ⵇⵇⵍ	wait, wait
ⵇⵇⵏ	close
ⵇⵇⵏ	to attach
ⵇⵇⵓ	Coit, have sexual intercourse
ⵇⵇⵓⵎⵎⵛ	squat
ⵇⵇⵓⵛⵛⵃ	desert
ⵇⵇⵓⵛⵛⵔ	to be bald
ⵇⵇⵙ	sting
ⵇⵉⵇⵏ	be awake, alert, lively
ⵇⵉⵇⵛ	to spy on, monitor
ⵇⵉⵊⵊⵓ	grind
ⵇⵊⴷⵃ	limp
ⵇⵊⴷⵎ	sit down, sit down
ⵇⵊⵊⴼ	Effuiller (corn ears)
ⵇⵊⵊⴼ	be tight (clothing)
ⵇⵊⵊⵎ	bite
ⵇⵊⵓⵊⵊⵉ	set off
ⵇⵊⵕ	be turbulent (child)
ⵇⵊⵕ	to be severe
ⵇⵊⵕ	be deep
ⵇⵍⵉⵍⵍⵣ	frivolize
ⵇⵍⵉⵍⵍⵣ	interfere in the affairs of others
ⵇⵍⵍⵇ	get angry, be concerned, be angry
ⵇⵍⵍⵇ	hurry, hasten
ⵇⵍⵍⵛ	Dress in the air (head, ear)
ⵇⵍⵍⵛ	wake
ⵇⵍⵓⵍⵍⵛ	squat
ⵇⵎⴰ	strangle
ⵇⵎⵇⵎ	graze
ⵇⵎⵇⵎ	nibble
ⵇⵎⵇⵎ	Porter (heavy object)
ⵇⵎⵎⵃ	sway
ⵇⵎⵎⵔ	pinch
ⵇⵎⵎⵕ	playing games
ⵇⵎⵎⵛ	be tight (clothing)
ⵇⵎⵔ	be narrow, tight, cramped
ⵇⵎⵛⴻⵛ	Leave, be stingy
ⵇⵏⴹ	being dissatisfied
ⵇⵏⴹ	to be bored
ⵇⵏⵏⴱ	tie up
ⵇⵏⵏⴱ	to be tight
ⵇⵏⵏⴻⵏ	spend sparingly
ⵇⵏⵏⴼ	Raise your nose at the top as a sign of dissatisfaction
ⵇⵏⵏⴼ	nod
ⵇⵏⵓⵏⵏⵉ	roll
ⵇⵏⵓⵏⵏⵉ	to fall
ⵇⵓⴱⴱⵔ	be austere (place)
ⵇⵓⴹⴻⴹ	be in size
ⵇⵓⵊⵊⵔ	be smuggled by the cold
ⵇⵓⵙⴱⵔ	be missing, stunted, lean
ⵇⵓⵛⵛⵓ	be skinny, dry (fruit)
ⵇⵔⴱⵍ	be in disorder
ⵇⵔⴱⵛ	Firement, miss (firearm)
ⵇⵔⴼ	be cold, smuggled by the cold
ⵇⵔⵃ	Chagriner, sorry
ⵇⵔⵇⴱ	Make noise, collide, slam
ⵇⵔⵇⴱ	be old
ⵇⵔⵇⵔ	Caqueter, gloss
ⵇⵔⵇⵔ	Covered (hen)
ⵇⵔⵇⵔ	Medire, slander, denigrate
ⵇⵔⵇⵛ	have a smallpox
ⵇⵔⵓⵔⵛ	cut
ⵇⵔⵔⴷ	Crazy, sit in ceroultons
ⵇⵔⵔⵃ	to suffer, to paint
ⵇⵔⵔⵇ	Covered (hen)
ⵇⵔⵔⵇ	joke, ridicule
ⵇⵔⵔⵎ	be paralyzed
ⵇⵔⵔⵙ	watch, monitor
ⵇⵔⵔⵛ	bite
ⵇⵔⵔⵛ	pinch
ⵇⵔⵛⵍ	Carder, be carded
ⵇⵕⴹ	break, break, fracture
ⵇⵕⴹ	waste, spend
ⵇⵕⴹⵛ	wool
ⵇⵕⵏⵚ	to shut up
ⵇⵕⵓⵊⵊⵄ	fall (péj.)
ⵇⵕⵕⵚ	curl up, pick up on yourself
ⵇⵕⵕⵚ	flatten the bread dough
ⵇⵕⵚⵓ	be torn apart
ⵇⵕⵚⵓ	rip
ⵇⵙⵃ	to be tough
ⵇⵙⵙⴱ	mow
ⵇⵙⵙⴱ	peel
ⵇⵙⵙⴻⵙ	Chop, cut into menus pieces
ⵇⵙⵙⴼ	shorten (intr.), decrease
ⵇⵙⵙⵃ	hurt
ⵇⵙⵙⵍ	Grow in still green barley fields
ⵇⵚⵚⵕ	tease, joke
ⵇⵛⵃ	desert
ⵇⵛⵇⵛ	to relocate
ⵇⵛⵓ	hunt, send back
ⵇⵛⵛⴰ	rob, rob
ⵇⵜⵓⵜⵜⵙ	crumble
ⵇⵜⵜⵙ	be tired, have aches
ⵇⵜⵜⵙ	beat, hit
ⵇⵜⵜⵙ	shred
ⵇⵟⵓⵟⵟⵛ	be intelligent, be on guard
ⵇⵟⵟⴱ	wing
ⵇⵡⵛⵕ	be rough
ⵇⵡⵡⵔ	enclosure
ⵇⵡⵡⵔ	pile up
ⵇⵡⵡⵕ	Cut RAS (hairs, hair)
ⵇⵡⵡⵕ	cut
ⵇⵢⵢⴷ	Note, save
ⵇⵢⵢⴷ	to aim
ⵇⵢⵢⵙ	stone
ⵇⵢⵢⵙ	to taste
ⵇⵣⴷⵔ	Rack, restrict
ⵇⵣⴷⵔ	fright
ⵇⵣⵇⵣ	Trottine, trample (impatience)
ⵇⵣⵣⴱ	Animal cut the tail
ⵇⵣⵣⴱ	garment
ⵇⵣⵣⴼ	pinch
ⵇⵣⵣⵔ	snatch (hair, hair, alfa), epilate, deploy
ⵇⵥⵥⴻⵥ	be stingy
ⵇⵥⵥⵕ	humiliate, mortify, reprimand
ⵉⴳⵓⴳⴳ	pair
ⵉⴳⵓⵜ	be in
ⵉⴳⵣⵓⵍ	be small
ⵉⴳⵯⵕⵉⵥ	regret, repent
ⵉⴷⵉⵔ	live, being alive
ⵉⴷⵔⵓⵙ	be few
ⵉⴷⵔⵓⵙ	be rare
ⵉⴹⴼⵓⵕ	follow
ⵉⴼⵍⵉⵡⵙ	be green
ⵉⴼⵙⵓⵙ	Fast (being -), Leste (being -)
ⵉⴼⵙⵓⵙ	Frivol (to be -)
ⵉⴼⵙⵓⵙ	Light (being -)
ⵉⴽⵉⵍ	undergo a weight
ⵉⴽⵔⵉⵔ	hang out
ⵉⴽⵚⵓⴹ	fear, being afraid
ⵉⴽⵜⵓⵔ	Fill, be filled
ⵉⵃⵜⴰⵍ	take care of
ⵉⵇⵇⵉⵇ	be burning
ⵉⵇⵇⵉⵇ	hurt
ⵉⵊⴳⵉⵍ	rise
ⵉⵍⵉ	have, possess
ⵉⵍⵉ	marry, get married
ⵉⵍⵉ	be located
ⵉⵍⵉ	be to exist
ⵉⵍⵉⵍ	be rinsed
ⵉⵍⵉⵙ	go with a dark
ⵉⵍⵍⵢ	to move
ⵉⵍⵎⵓⵙ	be bland, tasteless
ⵉⵍⵡⵉ	Become flange, lack firmness, soften
ⵉⵍⵡⵉⵖ	Be fun, be soft
ⵉⵍⵡⵉⵖ	be soft, tender
ⵉⵍⵡⵉⵖ	smooth
ⵉⵎⵉⵎ	be sweet, sweet
ⵉⵎⵍⵓⵍ	be white
ⵉⵎⵖⵓⵔ	Growing up, being tall
ⵉⵎⵖⵓⵔ	be aged
ⵉⵎⵙⵉⴷ	be sharp
ⵉⵎⵙⵉⵙ	disintegrate
ⵉⵎⵙⵉⵙ	lack salt, be bland, tasteless
ⵉⵎⵢⵓⵔ	be used to getting used to
ⵉⵎⵥⵢ	be young
ⵉⵏⴰⴳ	look for
ⵉⵏⴰⵢ	be new
ⵉⵏⵉ	Express
ⵉⵏⵉ	say
ⵉⵏⵉ	to tell about
ⵉⵏⵉⴳ	search, search
ⵉⵏⵣ	to bend down
ⵉⵏⵣⵉ	endure, endure
ⵉⵔⴰⵔ	play, have fun
ⵉⵔⴰⵔ	to sing
ⵉⵔⵉ	to desire
ⵉⵔⵉ	to like
ⵉⵔⵉ	want to
ⵉⵔⵉⵔ	to sing
ⵉⵔⵉⵡ	be wide
ⵉⵔⵡⵉⵙ	look like, being identical
ⵉⵔⵣ	baston
ⵉⵕⴹ	dress, put on, be dressed, dress
ⵉⵕⵥⵉⴳ	be bitter
ⵉⵖⴰⵔ	be dry
ⵉⵖⴰⵔ	hard
ⵉⵖⵉⵢ	power, be able to
ⵉⵖⵣⵉⴼ	be long
ⵉⵖⵥⵉⵏ	tell the right
ⵉⵙⴼⵉⵡ	see clear
ⵉⵙⵉⵏ	to know
ⵉⵙⵉⵏ	to know
ⵉⵙⵍⵉⵡ	fade, withered
ⵉⵙⵎⵓⵎ	be acid
ⵉⵚⵎⵉⴹ	cool down, be cold
ⵉⵜⵜⵉ	deviate from a point (move forward or back)
ⵉⵡⴷⴰ	that's enough
ⵉⵡⴷⵓ	suffice
ⵉⵡⵄⵉⵔ	be difficult
ⵉⵡⵔⵉⵖ	pale
ⵉⵡⵔⵉⵖ	yellow
ⵉⵡⵙⵉ	be trained
ⵉⵡⵙⵉⵔ	Aging, being old
ⵉⵣⴷⵉⴳ	be clean, clear, pure
ⵉⵣⴷⵉⵔ	be at the bottom
ⵉⵣⴷⵉⵔ	lower
ⵉⵣⵉ	stir up
ⵉⵣⵉⵣ	wish, deserve
ⵉⵣⵓⵔ	be thick
ⵉⵣⵡⵉⵖ	be red
ⵉⵣⵡⵓⵔ	Devance, be first
ⵉⵣⵣⵉ	Grill
ⵉⵣⵣⵉⴼ	scream
ⵉⵥⴹⵉⵕ	power, be able to
ⵉⵥⴹⵉⵕ	to be able to
ⵉⵥⴹⵉⵢ	to be heavy
ⵉⵥⵉⴹ	be sweet, sweet
ⵉⵥⵉⵍ	to be beautiful
ⵉⵥⵉⵍ	to be good
ⵉⵥⵉⵕ	see
ⵊⴰⵃ	be a bad, little favorable
ⵊⴰⵃⴷ	stand
ⵊⴱⴱⵕ	Screw, put a splint
ⵊⴱⴷ	pull
ⵊⴱⵕ	hide, put aside
ⵊⴱⵕ	to shelter
ⵊⴳⵓ	Bad (goat, sheep)
ⵊⴳⵓⴳⵍ	to balance
ⵊⴷⵔ	burn, burn, be burned
ⵊⴼⴼⴻⴼ	wipe the ground with a mop
ⵊⵀⴷ	to be strong
ⵊⵀⵍ	be awkward
ⵊⵀⵍ	blaspheme
ⵊⵀⵍ	to be mad
ⵊⵉⵊⴳⵍ	be up to
ⵊⵉⵊⴳⵍ	rack
ⵊⵉⵢⵛ	be at rest
ⵊⵊ	leave, abandon
ⵊⵊⴹ	be a gay
ⵊⵊⵉ	Heal (intr.)
ⵊⵊⵉ	be doing well
ⵊⵊⵉⵡⵏ	to be full
ⵊⵊⵏ	plume
ⵊⵊⵓ	Smell, to be fragrant
ⵊⵊⵓ	smell
ⵊⵊⵓⵊⵊⵉ	Heal (tr.)
ⵊⵊⵓⵊⵊⵓ	stack
ⵊⵊⵓⵊⵊⵓ	put on some perfume
ⵊⵍⵇ	be voracious
ⵊⵍⵍⵊ	tile
ⵊⵍⵓ	cause loss of
ⵊⵍⵓ	wander, get lost
ⵊⵎⴽ	to tear out
ⵊⵎⵎⵍ	wholesale
ⵊⵎⵔⵎⵊ	stammer
ⵊⵏⵏⴹ	to squeeze
ⵊⵓⵊⵊⴳ	to bloom
ⵊⵓⵕⵕⵓ	hang out
ⵊⵕⵓ	occur, arrive (event)
ⵊⵢⵢⴼ	strangle, strangle
ⵊⵢⵢⵔ	Blanch in lime, be lime bleached
ⵍⴰⵀⴰ	have fun, play
ⵍⴰⵃ	vanish
ⵍⴰⵍ	be born
ⵍⴰⵍⴰ	hunt someone, expel
ⵍⴰⵍⴰ	wander
ⵍⴰⵖⴰ	Apostrophy, challenge
ⵍⴰⵙ	mow
ⵍⴰⵡⵍⴰⵡ	Map, speak confusedly
ⵍⴱⴱⵅ	spoil
ⵍⴳⴳⵯⵉⵖ	be smooth
ⵍⴳⵍⴳ	wander, wander, stroll
ⵍⴷⵉ	clear
ⵍⴷⵉ	shoot, attract, stretch
ⵍⴷⵉ	solve
ⵍⴽⴽ	slim
ⵍⴽⵎ	arrive, reach ‌à
ⵍⴽⵎ	reach
ⵍⴽⵙ	associate
ⵍⴽⵙ	combine
ⵍⴽⵙ	to crush
ⵍⵃⵃⴼ	drape, wrap in a fabric
ⵍⵃⵎ	weld
ⵍⵅⵍⵅ	slicerly
ⵍⵇⴰ	bud
ⵍⵇⴼ	Enter in flight, enter in the air
ⵍⵇⴼ	reach
ⵍⵇⵇ	to be tender
ⵍⵇⵇⵎ	graft
ⵍⵇⵇⵎ	to add
ⵍⵊⴷⵖ	retouch
ⵍⵍⴰⵙ	be obscure, lacking in light
ⵍⵍⴼ	repudiate, divorce
ⵍⵍⵉ	oscillate
ⵍⵍⵉ	shake, agitate
ⵍⵍⵉ	wander, wander, stroll
ⵍⵍⵎ	see
ⵍⵍⵎ	wool
ⵍⵍⵎ	BOUCHER (COLMATER)
ⵍⵍⵓⴽⴽⴹ	be moving
ⵍⵍⵓⵍⵉ	be free
ⵍⵍⵓⵍⵍⵜ	be dignified
ⵍⵍⵓⵍⵓ	curd (milk)
ⵍⵍⵓⵎⵥⵉ	Snuber, be haughty
ⵍⵍⵓⵥ	to be hungry
ⵍⵍⵖ	lick
ⵍⵍⵙ	defile, make impure
ⵍⵍⵙ	mow
ⵍⵍⵡⵓ	appear
ⵍⵍⵡⵓ	be born
ⵍⵎⴰⵡⴰⵢ	put yourself in front of the other
ⵍⵎⴰⵡⴰⵢ	to be confronted
ⵍⵎⴷ	learn
ⵍⵎⴹ	weaken
ⵍⵎⴻⵎ	suck
ⵍⵎⵍⵖ	be blonde
ⵍⵎⵓⵎⵎⵉ	be charming
ⵍⵎⵥ	swallow
ⵍⵓⴱⴷⴻⴷ	be warm
ⵍⵓⴼⵙⵓ	be viscous, viscous
ⵍⵓⵃ	to throw
ⵍⵓⵍⴱ	tear
ⵍⵓⵍⵍⵉ	turn
ⵍⵓⵍⵓ	be dry (rivers)
ⵍⵓⵎⵙⵓ	lumps
ⵍⵓⵖ	bake
ⵍⵓⵣ	disperse
ⵍⵖⴷ	intercede
ⵍⵖⴷⵓⴷⵉ	be broken with fatigue
ⵍⵖⴷⵓⴷⵉ	be softened
ⵍⵖⴻⵖ	be moving
ⵍⵖⵉ	to drown
ⵍⵖⵊ	swallow, eat greedily
ⵍⵖⵍⵖ	sink, flow
ⵍⵖⵏ	fall down, be able to assert
ⵍⵖⵙ	Tap, hide
ⵍⵙ	dress, dress
ⵍⵜⴰⵃ	suddenly
ⵍⵜⴼ	massage
ⵍⵜⵅ	throw on the ground
ⵍⵜⵖ (-ⴳ)	adhere
ⵍⵡⵉⵡⴹ	be loose
ⵍⵡⵉⵡⴹ	elastic
ⵍⵡⵓ	dislocate, relax
ⵍⵢⵎ	be dissolved
ⵍⵣ	fall (trees of trees)
ⵎⴰⴳⵍ	take charge, be loaded
ⵎⴰⴷ	be in equal quantity
ⵎⴰⵍⴰ	to lose
ⵎⴰⵔ	be large, wide (place)
ⵎⴰⵔⴰ	hurry, be in a hurry
ⵎⴰⵔⵖ	be charming
ⵎⴰⵔⵖ	be too salty
ⵎⴰⵜⵔ	monitor, keep
ⵎⴰⵟⵍ	Delay, be late
ⵎⴰⵡⵙ	hinder a beast
ⵎⴳⵔ	harvest
ⵎⴷⵉ	Watch, be on the lookout
ⵎⴷⵉ	go to meet someone
ⵎⴷⵉ	set a trap
ⵎⴷⵓ	be worn out
ⵎⴷⵓ	lose weight, weaken
ⵎⴷⵓⴷⴷⵓ	come in an insolation
ⵎⴷⵓⴷⵉ	move, be the subject of a jolt
ⵎⴷⵓⵏⵉ	looking back
ⵎⴹⵉ	to taste
ⵎⴹⵍ	bury, bury
ⵎⴹⵓⵕⵓ	recover health, recover
ⵎⴹⵕⵏ	turn on
ⵎⴹⵕⵓⵖ	shine (color)
ⵎⵀⴰⴼ	wander
ⵎⵃⴹ	be frightened
ⵎⵃⴹ	lie down, be extended
ⵎⵃⵃⵏ	tire, cause trouble
ⵎⵃⵃⵛ	Embred (Lang. Enf.)
ⵎⵃⵉⵣⵡⵔ	run, rush
ⵎⵃⵓ	be erased
ⵎⵃⵓ	erase, erase
ⵎⵃⵙ	punctuate
ⵎⵃⵜⵉⵜ	Watch, be on the lookout
ⵎⵃⵜⵉⵜ	whispering, whispering
ⵎⵄⵎⵉⵛ	stammer, mumble
ⵎⵄⵏ	acquire (neo.)
ⵎⵄⵏ	be securely fixed, attached
ⵎⵄⵏ	to input
ⵎⵅⵓⵎⴱⵍ	get ahead
ⵎⵅⵓⵜⵔ	to need
ⵎⵉⵍ	power
ⵎⵉⵎⵓⴷ	be swarming
ⵎⵉⵥⴹ	stretch
ⵎⵊⵊ	Ranging (a bone)
ⵎⵊⵊⴹ	be dyed, bald
ⵎⵍ	show
ⵎⵍⴰⵍⴰ	to encounter
ⵎⵍⴰⵍⵍⵉ	to have dizziness, to have your head running
ⵎⵍⴻⵍ	Blanch, be white
ⵎⵍⴽ	marry
ⵎⵍⵉⵎⵍ	stammer
ⵎⵍⵉⵎⵍ	stumble
ⵎⵍⵍⵇ	Embred (péj.)
ⵎⵍⵍⵖ	to joke
ⵎⵍⵍⵖ	to mock, to make fun, to tease
ⵎⵍⵍⵙ	frizzy, coat, make smooth
ⵎⵍⵓ	be moving
ⵎⵍⵓⴷⵓ	cool down, be lukewarm
ⵎⵍⵓⵍⵍⵉ	scared of heights
ⵎⵍⵓⵎⵍⵓ	mirroy
ⵎⵎⴰⵔ	be difficult
ⵎⵎⴰⵖ	Wrestle
ⵎⵎⴰⵖ	fight, argue
ⵎⵎⴰⵖ	kill
ⵎⵎⴰⵜⵜⵉ	be moved, move
ⵎⵎⴰⵜⵜⵔ	go out
ⵎⵎⴽⵍⵓ	have lunch
ⵎⵎⵉⵙ	to touch
ⵎⵎⵏⵖ	Wrestle
ⵎⵎⵏⵖ	fight, argue
ⵎⵎⵏⵖⵔ	winking
ⵎⵎⵏⵙⵓ	having dinner
ⵎⵎⵓ	dive, moisten, pierce
ⵎⵎⵓⴷ	brave
ⵎⵎⵓⴷⴷⵓ	travel
ⵎⵎⵓⴹⵕⵚ	die without ritually slaughtered
ⵎⵎⵓⴹⵕⵚ	strangle (animal)
ⵎⵎⵓⵄⴹⵕ	be delayed
ⵎⵎⵓⵍⵍⵉ	gang up
ⵎⵎⵓⵍⵍⵖ	crawl, hang out
ⵎⵎⵓⵍⵍⵖ	walk slowly
ⵎⵎⵓⵍⵍⵥ	luxe, be listened
ⵎⵎⵓⵎⵎⵉ	have will, have energy
ⵎⵎⵓⵏⵙⵓ	having dinner
ⵎⵎⵓⵔⵔⵉ	to go for a walk
ⵎⵎⵓⵔⵙⵍ	be bland
ⵎⵎⵓⵖⵉ	be exasperated, be pissed off
ⵎⵎⵓⵖⵉ	crash
ⵎⵎⵓⵜⵜⵉ	move, be moved
ⵎⵎⵓⵜⵜⵍ	Getting confused, wrapped up
ⵎⵎⵓⵢⵙⵉ	be expired
ⵎⵎⵓⵣⵍ	to occupy
ⵎⵎⵓⵣⵖ	grow, vacuum upwards
ⵎⵎⵓⵣⵖ	have prestige
ⵎⵎⵓⵣⵣⴰ	open
ⵎⵎⵓⵣⵣⵔ	be rabid
ⵎⵎⵔ	be happy
ⵎⵎⵔⴰ	be difficult, painful
ⵎⵎⵔⴳ	be broken, broken
ⵎⵎⵔⴳⵉⴳ	sway
ⵎⵎⵔⵖⴷ	wallow
ⵎⵎⵔⵣ	be injured in the head
ⵎⵎⵔⵣⵓⵣⵖ	be ajar
ⵎⵎⵖ	wet, wet
ⵎⵎⵖⵥⵉⵥ	stretch
ⵎⵎⵛⴽⵓⴽⴹ	whisper
ⵎⵎⵛⵜⴳ	to move
ⵎⵎⵜ	die
ⵎⵏⴰⵍⴰ	Place each other next to the other
ⵎⵏⴰⵡⴰⵢ	parallel
ⵎⵏⵄ	Save yourself, get out of business
ⵎⵏⵉⴳⴳⵉⵔ	to encounter
ⵎⵏⵉⴷ	look in front of you
ⵎⵏⵏⴽ	absent
ⵎⵏⵓ	be straight, erected, docile
ⵎⵏⵖ	Wrestle
ⵎⵏⵖ	fight, argue
ⵎⵏⵖ	kill
ⵎⵓⴹ	brave
ⵎⵓⴽⵜⵓ	be disgusted
ⵎⵓⵇⵇⵍ	to look at
ⵎⵓⵊ	to move
ⵎⵓⵏ	be gathered
ⵎⵓⵏ	be united
ⵎⵓⵏ	to accompany
ⵎⵓⵏⴰ	Supply, provide for needs
ⵎⵓⵔⴷ	crawl, hang out
ⵎⵓⵔⵙ	to succeed
ⵎⵓⵙⵖ	be beautiful to see
ⵎⵓⵛⵛⵓ	be black
ⵎⵓⵛⵜⵍⵓ	be unproductive
ⵎⵓⵜⵜⵔ	Group, come together
ⵎⵓⵢⴹ	watch overnight, stay awake all night
ⵎⵓⵥⵥ	be late, be late
ⵎⵔⴰⵢ	be difficult, hard, arduous
ⵎⵔⵉ	to rub
ⵎⵔⵎⴷ	dirty
ⵎⵔⵎⴷ	manhandle
ⵎⵔⵓⵎⴷ	be mied
ⵎⵔⵓⵔⴷ	crawl, drag on the ground
ⵎⵔⵔⵇ	slap
ⵎⵔⵔⵖ	wallow
ⵎⵔⵔⵜ	torment, make suffer, suffer, to to toine
ⵎⵕⵚ	leash
ⵎⵖⵉ	germinate, grow, push
ⵎⵖⵔ	Growing up, being tall
ⵎⵖⵔ	be aged
ⵎⵖⵙ	deny her little one (animal female)
ⵎⵙ	be from, having relationships of kinship, being a parent close to
ⵎⵙⴰⴳⴰⵔ	coincide, correspond
ⵎⵙⴰⵙⴰ	be flat (surface)
ⵎⵙⴰⵙⴰ	get along, agree
ⵎⵙⴳⵔⴰ	conclude
ⵎⵙⴷ	be sharp, be sharp
ⵎⵙⴻⵙ	disintegrate
ⵎⵙⴻⵙ	lack salt, be bland, tasteless
ⵎⵙⵉ	Attiediir, cool
ⵎⵙⵉ	to add
ⵎⵙⵍ	Coat, apply (painting or plaster)
ⵎⵙⵍ	sculpt, shape
ⵎⵙⵔ	Perform, arrive (event)
ⵎⵙⵙⵇ	reflect
ⵎⵛⴰⵛⴽⴰ	agree, agree
ⵎⵛⴷ	Leaving (shot without pressure from relaxation)
ⵎⵛⵃ	to be ashamed
ⵎⵛⵓⵛⵓ	be wasted, dissipated (money)
ⵎⵜⴰⵔⴰⵡ	have a relationship
ⵎⵜⵏ	ferment, lift (paste)
ⵎⵜⵔ	bury
ⵎⵜⵜⵉ	turn around, turn around, turn over
ⵎⵜⵜⵍ	curse
ⵎⵢⴰⴼⴰ	to hurry up
ⵎⵢⴰⴽⵓⴷ	to sychronize
ⵎⵢⴰⵏⴰⵡ	be diverse, varied
ⵎⵢⴰⵔ	get used to it, get used to
ⵎⵢⴰⵡⴰⵢ	parallel
ⵏⴰⴷⴰ	look for
ⵏⴰⴽⵕ	deny, deny
ⵏⴰⵀⵎ	to watch
ⵏⴰⵅ	to be exhausted
ⵏⴰⵇⵎ	to bother
ⵏⴰⵇⵔ	Argue
ⵏⴰⵇⵔ (-ⴷ)	come back
ⵏⴰⵔⵣ	envy
ⵏⴰⵡⵍ	serve the meal
ⵏⴰⵡⵛ	take care of
ⵏⴰⵢ	be new
ⵏⴱⴰⵕⴰ	be knocked out, exhausted, exhausted
ⵏⴱⴹ	Régir (neo. Gram.)
ⵏⴱⴹ	govern, control, order, have authority over
ⵏⴱⵉ	wobble
ⵏⴱⵓⵜⵜⵍ	be busy, being concerned
ⵏⴱⵓⵜⵜⵍ	be tangled, tangled, confused
ⵏⴱⵓⵥⵥⵍ	lengthen
ⵏⴱⵛ	cause to tease
ⵏⴱⵛ	rummage, look, dig
ⵏⴱⵣⵣⵍ	Pour yourself, spread
ⵏⴳ	encourage
ⵏⴳⴰⵍ	darkened
ⵏⴳⴰⵔⴼ	wiggard
ⵏⴳⴱ	lose breath, be short of breath
ⵏⴳⴳⵔ	push suddenly, shake up
ⵏⴳⴹ	Being dependent on, being addict (neo.)
ⵏⴳⴹ	be immersed, be plunged
ⵏⴳⴹ	mock
ⵏⴳⴼ	sing in the bride's procession
ⵏⴳⵃⵙ	dragging yourself (baby), crawling
ⵏⴳⵉ	be in flood (rivers), overflow, sink
ⵏⴳⵉⴳⴳ	Shacer, tremble
ⵏⴳⵉⴳⵉ	move, jerk off
ⵏⴳⵉⵔⵉ	separate, be separated
ⵏⴳⵍ	flatten pancakes
ⵏⴳⵍⵓⵍⵓ	oscillate, swing
ⵏⴳⵍⵓⵍⵓ	to toggle
ⵏⴳⵎⴳ	whisper
ⵏⴳⵏⴳ	ring
ⵏⴳⵓ	roar
ⵏⴳⵓ	to push
ⵏⴳⵓⵟⵟⵎ	excavate (a joint), luxur
ⵏⴳⵙ	jostle, inadvertently offend, to score
ⵏⴳⵣ	hurt, make suffer, suffer
ⵏⴳⵣ	plot (neo.)
ⵏⴷ	pile up, flatten
ⵏⴷⴷⵉⴷ	be greasy
ⵏⴷⴼ	be rekindled, irritated (injury)
ⵏⴷⵀ	conduct
ⵏⴷⵍⴼ	come off, hit
ⵏⴷⵓ	be baratté (milk), be beaten
ⵏⴷⵓ	be hidden, hide
ⵏⴷⵓ	bury
ⵏⴷⵓⴷ	move, stir
ⵏⴷⵓⴷⴷⵓ	to flow
ⵏⴷⵓⴷⴷⵓ	to move
ⵏⴷⵓⴷⵉ	shake
ⵏⴷⵔ	groan
ⵏⴷⵔ	roar (lion)
ⵏⴷⵔⴰ	rust
ⵏⴹⴱ	to throw
ⵏⴹⴻⴹ	stick, be glued
ⵏⴹⵏ	besiege
ⵏⴹⵓ	let go
ⵏⴹⵓ	skip
ⵏⴹⵕ	fall, fall
ⵏⴹⵕ	jump, jump
ⵏⴹⵕ	throw away
ⵏⴼⴰⵊⴰ	calm down, be relieved, no longer suffer
ⵏⴼⴰⵍⴰⵍ	Finish, finish
ⵏⴼⴰⵙⵙⵉ	be dispersed, disperse
ⵏⴼⴷ	be on
ⵏⴼⴼⵃ	tobacco prison
ⵏⴼⴼⵙ	breathe, blow
ⵏⴼⵉ	hide, hide
ⵏⴼⵉ	push, repel, shake up
ⵏⴼⵓ	have an interest
ⵏⴼⵓⴼⴷ	be rekindled
ⵏⴼⵔ	blow
ⵏⴼⵕ	deny your little one, refuse to breastfeed your little one (animal)
ⵏⴼⵙ	sprinkle up, sprinkle
ⵏⴼⵙ	stain
ⵏⴽ	ascend
ⵏⴽⴱ	close
ⵏⴽⴷ	Do not grow, be small, short
ⵏⴽⴹ	compose verses (poetry)
ⵏⴽⴹ	damn
ⵏⴽⴽⴷ	Straight, torment
ⵏⴽⵄ	breastfed
ⵏⴽⵍⵡⵉ	be at ease
ⵏⴽⵓⵎⵎⵙ	curl up, get into a ball
ⵏⴽⵔ	get up, stand up
ⵏⴽⵔ	wake
ⵏⴽⵙ	confront
ⵏⴽⵙ	score
ⵏⵀ	be tilted forward
ⵏⵀⴰⵜⵜⴼ	to be tired
ⵏⵀⴹ	scold, reprimand
ⵏⵀⴽ	be out of breath
ⵏⵀⴽ	groan
ⵏⵀⵊ	Haleter, blow
ⵏⵀⵍⵍⴰ	take care of
ⵏⵀⵎ	call upon
ⵏⵀⵎ	neigh
ⵏⵀⵎ	scold, thunder
ⵏⵀⵓⵜⵜⴰ	be seriously ill
ⵏⵀⵕ	calm, hold back, prevent acting
ⵏⵃⴰⵔⴰ	expect
ⵏⵃⴷ	rub, graze
ⵏⵃⵉⵃⴹ	neigh
ⵏⵃⵏⵃ	neigh
ⵏⵃⵓⵛ	will hang
ⵏⵄⵍ	curse
ⵏⵄⵎ	reply
ⵏⵄⵏⵄ	be doing well
ⵏⵄⵏⵄ	be full of
ⵏⵄⵏⵄ	be green
ⵏⵄⵕ	defend
ⵏⵅⵅⵍ	ignore someone
ⵏⵅⵅⵍ	neglect
ⵏⵅⵅⵔ	eat voraciously (péj.)
ⵏⵅⵓⵅⵔ	move (object), not be well fixed
ⵏⵅⵔ	strive
ⵏⵅⵔⵎⵓ	grumble, growled
ⵏⵅⵙⴻⵙ	sobbing, having the hiccups
ⵏⵇⴱ	Picker, beak, give beak
ⵏⵇⴱ	drill
ⵏⵇⴷⴼ	suffocate, breathing out
ⵏⵇⴹ	to remove
ⵏⵇⵇⵔ	Knock on the door
ⵏⵇⵇⵔ	Power (day, sun)
ⵏⵇⵇⵔ	shake, dust
ⵏⵇⵊ	make fun, persifle
ⵏⵇⵊ	tell me
ⵏⵇⵎ	reprimand, sermon
ⵏⵇⵔ	wash a stain
ⵏⵇⵛ	engrave, chisele, sculpt
ⵏⵇⵛ	pick
ⵏⵉ	ascend
ⵏⵉⵏ	groan
ⵏⵊⵊⵎ	be able
ⵏⵊⵎ	free yourself, be saved, escape
ⵏⵎ	Be right
ⵏⵎⴰⵍⴰ	approach, approach
ⵏⵎⴰⵍⴰ	be ordered
ⵏⵎⴰⵏⵏⴰ	Contact the public, give a conference
ⵏⵏⴰⵍ	coincide
ⵏⵏⴰⵍ	neighbor, put yourself next to
ⵏⵏⴰⵍ	support, stall
ⵏⵏⴰⵖ	argue, fight
ⵏⵏⴳⵣⵓ	run
ⵏⵏⴳⵣⵓ	shorten (intr.)
ⵏⵏⴳⵣⵓ	be interrupted, do not come to term
ⵏⵏⴳⵯⴷⵎ	tip
ⵏⵏⴹ	turn around
ⵏⵏⴹⴼⵚ	bend
ⵏⵏⴹⵎⵥ	to take care of
ⵏⵏⴹⵎⵥ	whining
ⵏⵏⴼⵍ	Change (intransitive)
ⵏⵏⴼⵙⵓⵙⵉ	decompose, weaken
ⵏⵏⴼⵙⵔ	extend, lie down
ⵏⵏⴽⵛⴼ	humiliate, lower
ⵏⵏⵄⴰⵔⴰ	gang up, coalize
ⵏⵏⵄⵔⵇ	belong to, having as origin
ⵏⵏⵄⵔⵇ	leave, leave (péj.)
ⵏⵏⵅⵍⵄ	be afraid, being frightened
ⵏⵏⵅⵙⵉⵙ	sob
ⵏⵏⵇⵍⵄ	turn back
ⵏⵏⵉⵎ	get used to it, get used to
ⵏⵏⵉⵔⵉ	abort
ⵏⵏⵉⵔⵉ	to be sad
ⵏⵏⵉⵔⵙ	be flat (surface)
ⵏⵏⵉⵔⵙ	to be calm
ⵏⵏⵉⵔⵙ	to look good
ⵏⵏⵉⵣ	perish
ⵏⵏⵍⴱⵥ	be crushed
ⵏⵏⵎ	Be straight, stand up straight
ⵏⵏⵎⵍ	be turbulent
ⵏⵏⵎⵔ	be difficult, painful
ⵏⵏⵎⵔ	be embarrassed
ⵏⵏⵓⴹⵓ	bend
ⵏⵏⵓⴼⴳ	be pierced
ⵏⵏⵓⴼⴼⵉ	transfer
ⵏⵏⵓⴼⴼⵔ	hide, be hidden
ⵏⵏⵓⴼⵍⵉ	live in ease
ⵏⵏⵓⴼⵙⵍ	detach yourself, untie
ⵏⵏⵓⵄⵊⵓ	be distorted
ⵏⵏⵓⵄⵊⵓ	be twisted
ⵏⵏⵓⵇⴱ	be pierced, be pierced, be perforated
ⵏⵏⵓⵍ	fear, worry about
ⵏⵏⵓⵎ	get used to it, get used to
ⵏⵏⵓⵎⵎⵙ	be in the middle
ⵏⵏⵓⵎⵖⵔ	be big
ⵏⵏⵓⵔⵉ	abort
ⵏⵏⵓⵔⵉ	to be sad
ⵏⵏⵓⵔⵣ	to be in need
ⵏⵏⵓⵔⵣ	wish, hope
ⵏⵏⵓⵕⵥⵎ	Disseck, let go
ⵏⵏⵓⵕⵥⵎ	Open, be open
ⵏⵏⵓⵖ	to be stuck
ⵏⵏⵓⵛⵛⴳ	to move
ⵏⵏⵓⵣⵡⵓ	be dispersed
ⵏⵏⵓⵥⴻⵥ	discern
ⵏⵏⵖ	Decorate, getting on
ⵏⵏⵖⴹⵎ	die young
ⵏⵏⵖⵎⵙ	learn, be informed
ⵏⵏⵖⵔⴼ	drop
ⵏⵏⵖⵣⵉⵣⴼ	stretch
ⵏⵏⵖⵣⵍ	to like
ⵏⵏⵖⵣⵎ	excavate, dislocate (articulation)
ⵏⵏⵙⵔⴼ	make ugly, ugly
ⵏⵏⵙⵔⵓⵔⴼ	slide, sneak
ⵏⵏⵙⵜⵎ	sag, collapse
ⵏⵏⵛⴽⵍ	be tangled
ⵏⵏⵛⵔⵇ	burst, die
ⵏⵏⵛⵕⵃ	smiling, smiling
ⵏⵏⵣⴳⵓ	be able to, authorized to
ⵏⵏⵣⴷⵎ	break, break
ⵏⵏⵣⵉ	cross, be crossed
ⵏⵏⵣⵍⴼ	wolf in the blood
ⵏⵏⵣⵔⴼ	Heat, be hot
ⵏⵏⵣⵔⵉ	to contradict oneself
ⵏⵏⵣⵡⴰ	disperse
ⵏⵏⵥⵕⵉⵕⴹ	bleat
ⵏⵓⴱⴳⵜ	be someone's host
ⵏⵓⴷⴰ	dispel
ⵏⵓⴷⴰ	wander, wander
ⵏⵓⴷⴷⵎ	Sommeiller
ⵏⵓⴷⴷⵎ	sink
ⵏⵓⴼⵍ	to be crazy, to lose the reason
ⵏⵓⵍⴼⵓ	occur
ⵏⵓⵏⴼ	suffer from an old injury
ⵏⵓⵏⵛ	to be busy
ⵏⵓⵖⵎⵔ	hide in a corner
ⵏⵓⵖⵏⵓ	be lowered
ⵏⵓⵖⵣⵎ	Slter (articulation)
ⵏⵓⵙⵓ	be arid, uneducated (earth)
ⵏⵓⵢⴰ	be in good faith, right, honest
ⵏⵔ	guide
ⵏⵔⵓ	overcome, triumph over, win on, beat
ⵏⵖ	kill
ⵏⵖⴷ	crush, reduce powder, grind, spray
ⵏⵖⴷ	refine
ⵏⵖⴷⵓⴷⵉ	be caught, be exhausted
ⵏⵖⵍ	spread, spread, be paid
ⵏⵖⵏⵖ	talk about the nose, nasiller
ⵏⵖⵓⴱⵓ	vanish
ⵏⵖⵓⴼ	irritate, afflict
ⵏⵖⵓⵍⴼ	be passed out
ⵏⵙ	spend the night
ⵏⵙⴼ	praise
ⵏⵙⵉ	get used to
ⵏⵙⵔ	Detach, stir up, get stuck
ⵏⵙⵔ	blow
ⵏⵙⵙⴻⵙ	be wet
ⵏⵙⵙⴻⵙ	ooze
ⵏⵙⵙⵍ	Be fat (animal), chubby
ⵏⵚⴹ	be expelled, spring
ⵏⵚⵍ	To vomit
ⵏⵚⵓ	bait
ⵏⵛⴱ	bind
ⵏⵛⴼ	be peeled, stripped (from your skin, your wool)
ⵏⵛⴼ	lose one's hair
ⵏⵛⴼ	to be bald
ⵏⵛⵍ	pull
ⵏⵛⵍ	to draw water)
ⵏⵛⵏⵛ	snoop, listen to the doors
ⵏⵛⵏⵛ	drizzle
ⵏⵛⵓ	Spread, be unplugged
ⵏⵛⵓⵛⴹ	to swarm to swarm, to be full of, to abound in
ⵏⵛⵛⴱ	Put in balls, bay, roll up
ⵏⵛⵛⴱ	sneak out
ⵏⵛⵛⴷ	to sing
ⵏⵜ	be started
ⵏⵜⴰⴱ	Start, start
ⵏⵜⴰⵢ	concern, interest
ⵏⵜⵉ	bury
ⵏⵜⵍ	hide, hide, shelter, be hidden
ⵏⵜⵓ	cover
ⵏⵜⵓ	to push
ⵏⵜⵓ	be authentic
ⵏⵜⵓⵜⵔ	be irritated (skin)
ⵏⵜⵓⵜⵔ	have a deep burn
ⵏⵜⵔ	bite (dog)
ⵏⵜⵔ	pull to oneself
ⵏⵜⵔ	strengthen
ⵏⵜⵔ	bury
ⵏⵜⵜⴳ	skip
ⵏⵟⵎⵚ	Turn out (light, fire)
ⵏⵟⵎⵚ	break down
ⵏⵟⵕ	pull out
ⵏⵟⵟⵄ	jump, leap
ⵏⵟⵟⵄ	shine, sparkle
ⵏⵡⵉⵡⵍ	sway
ⵏⵡⵓ	be used (clothing)
ⵏⵡⵓ	ripe
ⵏⵡⵡⵛ	slander
ⵏⵢⴰⵎⴰ	move, move
ⵏⵢⵏⵉ	resonate
ⵏⵢⵓⴷⴷⵓ	to go for a walk
ⵏⵢⵓⴷⴷⵓ	walk, walk painfully
ⵏⵢⵓⵎⵓ	shrink
ⵏⵢⵢⵛ	target, target (a target)
ⵏⵣ	to be sold
ⵏⵣⴰⵣ	Heat, warm up
ⵏⵣⴼ	to be exhausted
ⵏⵣⴼ	vanish
ⵏⵣⵉⵣ	groan
ⵏⵣⵉⵣ	hum
ⵏⵣⵍ	encourage
ⵏⵣⵍ	prick (a frame), stack
ⵏⵣⵍ	stimulate
ⵏⵣⵓ	be early
ⵏⵣⵓ	early on
ⵏⵣⵖ	draw, attract
ⵏⵣⵖ	extract
ⵏⵣⵖ	to tear out
ⵏⵥ	pure
ⵏⵥ	to be tough
ⵏⵥⴻⵥ	smart, smart
ⵏⵥⵉ	moan, howl
ⵏⵥⵍ	to jerze, to be chapped
ⵏⵥⵓ	convince (neo.)
ⵏⵥⵓ	observe
ⵏⵥⵕ	say, put a riddle
ⵓⴱⵍⴻⵍ	Galloping (horse)
ⵓⴱⵓⴹ	be spoiled
ⵓⴳⵓ	be unloaded
ⵓⴳⵓⵔ	go, go
ⵓⴳⵓⵔ	walk, walk
ⵓⴷⴰ	suffice
ⵓⴷⴷⵏ	prayer
ⵓⴷⴷⵓⵎ	Draw, fall drop
ⵓⴷⴷⵔ	to keep waiting
ⵓⴷⵊⵓ	pull the grain from the silo
ⵓⴹⴰ	to fall
ⵓⴹⴹⵕ	be lost
ⵓⴹⴹⵕ	lose
ⵓⴼⴼ	be swollen, swollen
ⵓⴼⴼ	soaked, soaked
ⵓⴽⴽⵔ	insult
ⵓⴽⵙ	offer a gift
ⵓⵃⵍ	to be tired
ⵓⵄⵕ	be difficult
ⵓⵅⵅⵔ	back up, getting back
ⵓⵇⵇⵃ	warm up
ⵓⵊⴷ	be ready
ⵓⵍⴱⵓ	be warm
ⵓⵍⵓ	be the same
ⵓⵍⵙⵓ	take a nap
ⵓⵍⵡⵓ	be loosened, loosen, lack vigor
ⵓⵎⴰⵏ	appear, appear
ⵓⵎⴰⵢ	praise (God)
ⵓⵎⵎⵍ	consider, count, have the intention
ⵓⵎⵏ	to be raised
ⵓⵏⵃⵓⵛ	drag
ⵓⵏⵊⵓⵖ	crawl (baby)
ⵓⵏⵊⵓⵖ	move
ⵓⵏⵣⵓ	free up
ⵓⵔⴰⵔ	be entertained
ⵓⵔⴰⵔ	to play
ⵓⵔⴳⵓ	lose altitude
ⵓⵔⴷⵓ	assume
ⵓⵔⴷⵓ	doubt
ⵓⵔⵏⴰⵏ	be of great sensitivity
ⵓⵔⵔⵉ	go back, come back
ⵓⵔⵔⵉ	to move back
ⵓⵖⵍⵓⵍ	swing, swing
ⵓⵙⴰⴼ	isolate oneself
ⵓⵙⵓ	to cough
ⵓⵙⵓⵙ	Fall, be shaken, Gaulé (tree)
ⵓⵙⵓⵙ	to lose weight
ⵓⵙⵓⵢ	sweat
ⵓⵙⵜⵓⵢ	scroll
ⵓⵙⵡⵉ	push, throw, throw
ⵓⵛ	give
ⵓⵛⵓⵛ	provoke, encourage
ⵓⵜ	beat, hit
ⵓⵜⵛ	Baraque (animal)
ⵓⵜⵛ	sag
ⵓⵜⵛ	squat
ⵓⵣⵏ	weigh
ⵓⵣⵓⵣ	throw yourself, rush on
ⵓⵣⵣ	to help
ⵔⴰⴼ	be thirsty, be altered
ⵔⴰⵊⴰ	expect
ⵔⴰⵔ	To vomit
ⵔⴰⵔ	make, put back, restore
ⵔⴰⵢⴰ	flatter
ⵔⴱⴱⴳ	Take care by traditional means
ⵔⴱⴱⵊ	be in a state of confusion
ⵔⴱⴱⵍ	To grope
ⵔⴱⵉⴱⵉ	swel
ⵔⴱⵍ	scratch
ⵔⴱⵍ	work hard
ⵔⴱⵓ	endorse, wear on the back
ⵔⴳ	Break (dried fruits)
ⵔⴳⴳⵉⴳ	be in balance, be calm (sea)
ⵔⴳⴳⵎ	gather
ⵔⴳⵄ	strike violently
ⵔⴳⵉⴳⵉ	tremble, shive, shiver
ⵔⴳⵍ	Close (key), lock
ⵔⴳⵎ	insult, curse, urge the curses
ⵔⴳⵯⵙ	hide, hide
ⵔⴷⴷⴼ	to beat
ⵔⴷⴼ	row
ⵔⴷⵃ	Dancing by tapping your foot, entering a trance
ⵔⴷⵅ	throw away
ⵔⴷⵍ	bury
ⵔⴷⵍ	fall, drop, collapse, collapse, demolish
ⵔⴷⵍ	pile up
ⵔⴷⵎ	Fill (well), collapse, demolish
ⵔⴷⵓ	Thread, produce pulsations (heart, artery, abscess)
ⵔⴷⵔ	destroy
ⵔⴷⵔ	disorder
ⵔⴼⴼⴽ	to chase
ⵔⴼⵓ	be angry, irritate
ⵔⴼⵓⴼⵏ	be in a pitiful state
ⵔⴼⵙ	Mix (pieces of bread or cake with a broth)
ⵔⴽⴽⴰ	Beat (intr.)
ⵔⴽⴽⴻⴽ	Baragouiner, speak indiscriminately
ⵔⴽⴽⴻⴽ	hesitate
ⵔⴽⴽⵯⵛ	Brass, wave, offend
ⵔⴽⵍ	to give a kick
ⵔⴽⵎ	boil, bubble, be boiled
ⵔⴽⵓ	to be dirty
ⵔⴽⵙ	be mixed, mixed
ⵔⴽⵣ	sink
ⵔⴽⵣ	to dance
ⵔⵀⵛ	Shush, vibrate with emotion
ⵔⵄⵔⵄ	have a hoarse voice, speak very hard
ⵔⵅⵓ	be easy
ⵔⵅⵙ	be cheap
ⵔⵇⵇⵄ	mending, rapiécecer
ⵔⵇⵇⵙ	skip
ⵔⵇⵎ	Color, draw
ⵔⵉⵜⵍ	plunder, ransack
ⵔⵉⵢⵣ	worldly
ⵔⵊⴰ	dream
ⵔⵊⴼ	be fooled
ⵔⵊⵍ	brain
ⵔⵎⴷ	attack, destroy
ⵔⵎⴷ	gnaw
ⵔⵎⵓⵎⵎⵙ	be dressed up
ⵔⵎⵓⵎⵛ	be brewed, turned, stirred
ⵔⵎⵓⵎⵛ	be crumpled
ⵔⵎⵔⵎ	Murgir, mumble
ⵔⵎⵙ	to understand
ⵔⵎⵛ	scratch, scratch
ⵔⵎⵣ	repel
ⵔⵏⵓ	to add
ⵔⵓ	cry
ⵔⵓ	lament, complain
ⵔⵓⴱⴰ	be a compassionate, tender
ⵔⵓⴱⴰ	be too cooked, blet
ⵔⵓⴼⵓ	to be thirsty
ⵔⵓⵊⴷⴻⴷ	To be impatient
ⵔⵓⵔ	to run away
ⵔⵔⵉⵣ	resign to servility
ⵔⵔⵓⵎⵎⵓ	be demolished, shaved (building, wall)
ⵔⵔⵓⵜ	Be depociated, beaten (grain)
ⵔⵔⵛⵜⵎ	collapse
ⵔⵖ	be hot, heat, be lit
ⵔⵙ	be posed, ask
ⵔⵙⵍ	coagulate, freeze
ⵔⵛⴰ	be rotten
ⵔⵛⴰ	be worked, worn out
ⵔⵛⴰ	to be dirty
ⵔⵛⵇ	have fun, have fun, be happy
ⵔⵛⵇ	crack
ⵔⵛⵍ	to marry
ⵔⵛⵛⵄ	jump, leap
ⵔⵜⵎ	to press in
ⵔⵜⵓ	to wish
ⵔⵡⵉ	Mix, be mixed, mix
ⵔⵡⵍ	flee, run away, save yourself, escape
ⵔⵡⵍ	to run
ⵔⵡⵙ	look like
ⵔⵡⵙ	to deflate
ⵔⵡⵙ	graze, make graze
ⵔⵡⵜ	Be depociated, beaten (grain)
ⵔⵣⴼ	offer a gift
ⵔⵣⴼ	to visit
ⵔⵣⵎ	be impotent
ⵔⵣⵓ	search, search, search
ⵕⴰⵃ	go, go away, leave
ⵕⴰⵄⴰ	look for
ⵕⴰⵄⴰ	to look to see
ⵕⴰⵥⴰ	plow
ⵕⴱⴱⴰ	Correct (punish)
ⵕⴱⴱⴰ	educate
ⵕⴱⵥ	to crush
ⵕⴹⵍ	to lend to borrow
ⵕⴹⵎ	scare
ⵕⵃⵎ	mercy
ⵕⵎⵉ	be tired, get tired
ⵕⵓⵃ	go away
ⵕⵓⵃ	go home
ⵕⵓⵃ	spend the night with
ⵕⵓⵛ	spray, splash
ⵕⵓⵥⵎⵓ	be unproductive
ⵕⵚⴹ	stink
ⵕⵚⵚⴰ	Stay quiet, don't move
ⵕⵚⵚⴰ	to be calm
ⵕⵛⵎ	to mark
ⵕⵡⵓ	be good, be beneficial
ⵕⵡⵓ	to be efficient
ⵕⵥ	break, break, break, break
ⵕⵥ	to break up
ⵕⵥⴳ	be bitter
ⵕⵥⵉ	let go
ⵕⵥⵉ	punch
ⵕⵥⵉ	surface
ⵕⵥⵎ	Open, be open
ⵕⵥⵎ	divorce
ⵕⵥⵎ	inaugurate
ⵕⵥⵎ	release
ⵖⴰⴼⵙ	to betray
ⵖⴰⵊ	to relocate
ⵖⴰⵍ	believe, suppose, think
ⵖⴰⵍⵍⴰ	take in his arms
ⵖⴰⵎⴰ	stay, stay
ⵖⴰⵏⴻⵏ	to persist, persist, contradict
ⵖⴰⵔ	to run
ⵖⴰⵖⴰ	Stroll, wander, wander
ⵖⴰⵙ	surprise
ⵖⴰⵛⴰ	vanish
ⵖⴰⵡⵍ	hurry, rush, hasten
ⵖⴰⵡⵖ	Rebell
ⵖⴱⴱⴰ	feast on
ⵖⴱⴱⴰ	to eat plenty
ⵖⴱⴱⵉ	to bite
ⵖⴱⴱⵊ	grab
ⵖⴱⴱⵕ	dusty
ⵖⴱⴱⵣ	Immerse, immerse, be immersed, be immersed
ⵖⴱⴱⵣ	be withdrawn, hidden, sneaky
ⵖⴱⵏ	be painful
ⵖⴱⵏ	deprive
ⵖⴱⵏ	frustrate
ⵖⴱⵓ	be deep
ⵖⴱⵔ	get lost, sink underground
ⵖⴱⵔ	to give a kick
ⵖⴱⵜ	be put
ⵖⴱⵣ	bend down
ⵖⴷⴷⴻⴷ	be enraged
ⵖⴷⴷⴻⴷ	irritate
ⵖⴷⵔ	to betray
ⵖⴹⴼ	watch, observe, spy on the look
ⵖⴹⵍ	backtrack
ⵖⴹⵍ	occupy a place and defend it fiercely
ⵖⵉ	hold, grab, catch
ⵖⵉⵍⴼ	saddened, grieving, getting angry
ⵖⵉⵔ	to run
ⵖⵉⵣ	worldly, clean the grain
ⵖⵊⴷⵎ	sit down, sit down
ⵖⵊⵔ	have breakfast
ⵖⵍⴼ	be nauseated
ⵖⵍⴼ	neglect
ⵖⵍⴼ	soggy, give nausea
ⵖⵍⵉ	be swallowed
ⵖⵍⵉ	climb, climb
ⵖⵍⵉ	go to bed (sun)
ⵖⵍⵉ	to find
ⵖⵍⵉⵍⵍⵜ	to be nauseous
ⵖⵍⵉⵖⵍ	echo
ⵖⵍⵍⴰ	drag on, perpetuate, last
ⵖⵍⵍⵉⵍ	to exploit
ⵖⵍⵓ	embark
ⵖⵍⵓ	raid
ⵖⵍⵓ	be expensive, cost dear
ⵖⵍⵓⵖⵍ	Fly with tears (eyes)
ⵖⵍⵖⵍ	echo
ⵖⵎ	Color, paint, dye, coat
ⵖⵎ	be coated, be painted
ⵖⵎⵉ	germinate, push
ⵖⵎⵍ	moldy
ⵖⵎⵎ	moldy
ⵖⵎⵎⵔ	to be sad
ⵖⵎⵎⵙ	soak bread in the sauce
ⵖⵎⵎⵛ	to climb
ⵖⵎⵓ	dirty
ⵖⵎⵓ	dye, be complexion
ⵖⵎⵙ	cover, cover
ⵖⵎⵙ	to hide
ⵖⵎⵣ	winking
ⵖⵏⴰ	tackle, move, pity
ⵖⵏⴱⵔ	to cover
ⵖⵏⴷⴼ	bewild
ⵖⵏⴼ	to spill
ⵖⵏⵏⵊ	to sing
ⵖⵏⵖⵏ	talk about the nose, nasiller
ⵖⵏⵙ	pin, staple
ⵖⵓⴱ	be deep
ⵖⵓⴷ	go through
ⵖⵓⴷⴰ	Suffer a long time, have a chronic disease
ⵖⵓⴷⵓ	Be beautiful, good, pleasant
ⵖⵓⴼⴼⵏ	be smeared, dirty, soiled
ⵖⵓⴼⵍ	Having long and poorly combed hair
ⵖⵓⴼⵓ	Small, lack air
ⵖⵓⵊⴷⵎ	sit
ⵖⵓⵎⵎ	moldy
ⵖⵓⵎⵎ	assapple
ⵖⵓⵏⴼ	be repugnant, disgusting
ⵖⵓⵔⴼ	to be bored
ⵖⵓⵙ	be clean, pure
ⵖⵓⵙ	be burned, burn
ⵖⵓⵙⵙⵓ	be lizarded
ⵖⵓⵢ	to call
ⵖⵔ	Read, study
ⵖⵔ	invite
ⵖⵔ	to call
ⵖⵔⴱⵊ	scratch, lacerate
ⵖⵔⴱⵣ	run, gallop
ⵖⵔⴷ	Extend, unfold, lengthen
ⵖⵔⴼ	make the dough
ⵖⵔⴼ	leather
ⵖⵔⴼ	sew a sole
ⵖⵔⵉ	make a miscarriage, abort
ⵖⵔⵎ	compensate
ⵖⵔⵓ	put a coverage on the saddle
ⵖⵔⵓⵔⵎ	sway
ⵖⵔⵓⵖⵔ	Fly with tears (eyes)
ⵖⵔⵔ	lure, deceive
ⵖⵔⵔⴷ	Continue, extend, extend
ⵖⵔⵔⴷ	be in a straight line without detour
ⵖⵔⵔⵓ	lure, deceive
ⵖⵔⵖⵔ	Fly with tears (eyes)
ⵖⵔⵖⵔ	have borborygmes
ⵖⵔⵙ	"Employed with the preposition ""ⵉ"": slaughter"
ⵖⵔⵙ	be torn, be cut
ⵖⵔⵙ	tear off
ⵖⵔⵜ	to be qualified
ⵖⵕⴹ	Extend, extend (legs, arms), be lying on the ground
ⵖⵖⵓⵎⵎⴰ	be asphyxiated
ⵖⵖⵓⵏⵣⵔ	to pout
ⵖⵖⵓⵔⵎⵓ	be civilized
ⵖⵙ	sort the grain
ⵖⵙ	to clean
ⵖⵙⵉ	be out
ⵖⵙⵙⵍ	get revenge
ⵖⵛⵎ	DUPER, to deceive
ⵖⵛⵛⵓ	fraud, cheat
ⵖⵜⵔ	sink
ⵖⵜⵙ	decide
ⵖⵡⴰ	rot (food)
ⵖⵡⴷ	to cross
ⵖⵡⵉ	pushed
ⵖⵡⵓ	Enter, bait
ⵖⵡⵓ	seduce, try
ⵖⵡⵙ	to sort
ⵖⵡⵡⴷ	Cut, cut strips
ⵖⵡⵡⵊ	hum
ⵖⵡⵡⵖ	Rebel, lift, mutilate
ⵖⵡⵡⵣ	hold, torture
ⵖⵡⵡⵣ	starve
ⵖⵢⴷ	get angry, get upset
ⵖⵢⵉⵢⵙ	Japper, shout, moan (dog)
ⵖⵢⵓⵢⵢⵙ	Piailler, con so
ⵖⵢⵓⵢⵢⵙ	shiver
ⵖⵢⵓⵢⵢⵙ	to hide
ⵖⵢⵢⵍ	be stupid
ⵖⵢⵢⵔ	be upset, have sorrow
ⵖⵢⵢⵔ	to paint, grief
ⵖⵢⵢⵣ	refine the threshing
ⵖⵢⵢⵣ	to beat
ⵖⵢⵢⵣ	worldly
ⵖⵣ	Dig, draw, dig up
ⵖⵣⴷ	to rot
ⵖⵣⵓ	mortify, afflict
ⵖⵣⵔ	be eroded (land under the effect of water)
ⵖⵣⵣⴰ	waste the property of others
ⵖⵣⵣⴼ	be big
ⵖⵣⵣⴼ	stretch
ⵖⵣⵣⵓ	rejoice at the misfortune of others
ⵖⵥ	be challenged (testimony)
ⵖⵥⴱⵕ	be dry
ⵖⵥⵍ	be extended
ⵖⵥⵍ	extend
ⵖⵥⵥ	chew, crunch, gnaw
ⵖⵥⵥ	sink against someone
ⵖⵥⵥ	to bite
ⵙⴰⴳⴳⵎ	wait
ⵙⴰⴷⵎⵔ	answer (call)
ⵙⴰⴽⴰ	to be exhausted
ⵙⴰⴽⴼⵙ	sprinkle, sprinkle
ⵙⴰⵄⴼ	Spare, be patient
ⵙⴰⵅ	vanish, lose consciousness
ⵙⴰⵇⵇⵍ	look see
ⵙⴰⵇⵇⵓⵔ	Shout, pester, invectivate
ⵙⴰⵍⴰ	To indulge in, to be busy
ⵙⴰⵍⴰ	finish
ⵙⴰⵎⴰ	put yourself next to, approach
ⵙⴰⵎⵃ	to forgive
ⵙⴰⵔⴷⵎ	answer (call)
ⵙⴰⵙⵜⵡⴰ	arrange, adjust, put in order
ⵙⴰⵙⵜⵡⴰ	to fix
ⵙⴰⵙⵡⴰ	be similar, be identical
ⵙⴰⵜⵜⵓⵢ	raise, put high
ⵙⴰⵡⵍ	talk
ⵙⴰⵡⵙⴰ	Fight, fight (duel)
ⵙⴰⵢⴱ	be cleared, have light manners
ⵙⴰⵢⵢⴰ	amaze
ⵙⴰⵣⵣⵍ	make run
ⵙⴱⴰⵇⵇⵉ	burst (tr.), crack
ⵙⴱⴰⵇⵇⵉ	deflower
ⵙⴱⴰⵔⵅ	to allow
ⵙⴱⴰⵔⵡ	to broaden
ⵙⴱⴰⵢ	Put yourself over the fire to warm up, dry your clothes or smoke
ⵙⴱⴱⵃ	burn the rosary
ⵙⴱⴱⵉⴱ	deliver
ⵙⴱⴱⵓⵏⵏⵣ	pinch
ⵙⴱⴷⴷ	put up, stop
ⵙⴱⵀⵍⴻⵍ	go crazy, make you lose reason
ⵙⴱⵉⴹⵕ	limp
ⵙⴱⵉⵄⵄⵉ	bleat
ⵙⴱⵉⵏⵣ	pinch
ⵙⴱⵉⵔⴽ	abundant
ⵙⴱⵉⵔⵇ	slap
ⵙⴱⵍⵉⵟⵟⵉⵡ	whine
ⵙⴱⵍⵓⵍⵍⵙ	fertilize
ⵙⴱⵏⴷ	abandon
ⵙⴱⵓⴱⴱⴰ	Put a load on the back of a person or an animal
ⵙⴱⵓⴱⴱⵉ	form (breast)
ⵙⴱⵓⴷⴷⵍ	stampede
ⵙⴱⵓⴽⴹ	make blind, blind
ⵙⴱⵓⵄⵔⵜ	yell
ⵙⴱⵓⵅⵔⴻⵔ	moan (dying)
ⵙⴱⵓⵅⵔⵓⵔ	snore
ⵙⴱⵓⵇⵇⵛ	pinch
ⵙⴱⵓⵔⴷⵓ	build
ⵙⴱⵓⵔⵔⵓ	cover
ⵙⴱⵓⵖⵍⵓ	enrich, develop
ⵙⴱⵓⵢⵢⵄ	beat, hit
ⵙⴱⵔⴳⵏ	Hide your face (scarf, sail)
ⵙⴱⵔⴽⵏ	make black, blacken
ⵙⴱⵔⵔⴽ	welcome
ⵙⴱⵔⵡⵉ	disturb the water
ⵙⴱⵕⴱⵕ	to boil
ⵙⴱⵕⵕⵎ	divert (path)
ⵙⴱⵕⵕⵎ	to walk
ⵙⴱⵖⵔ	to profit from
ⵙⴱⵜ	to shut up
ⵙⴱⵣⵣⵄ	throw away
ⵙⴳⴰⴷⵊ	Distant, move (tr.)
ⵙⴳⴰⵡⵔ	sit down
ⵙⴳⴳⴷ	Dress, straighten, put the right to adjust
ⵙⴳⴳⴷ	guide
ⵙⴳⴳⵔⵏⵓⵏⵙ	inspire pity
ⵙⴳⴳⵔⵓ	leave at the end, last
ⵙⴳⴹ	drinking
ⵙⴳⴹ	go down the wrong way
ⵙⴳⵉⵊⵊⵉ	buzz, ring, curl
ⵙⴳⵉⵔ	Leave last, put at the end of
ⵙⴳⵉⵔⴼ	Cry someone aloud
ⵙⴳⵊⴹⴻⴹ	Animal cut the tail
ⵙⴳⵍ	backfill (ditch)
ⵙⴳⵍⴳⴹ	tickle
ⵙⴳⵍⵓⵟⵟⵉ	swallow up, devour
ⵙⴳⵍⵣⵎ	ax
ⵙⴳⵎ	expect
ⵙⴳⵏ	sleeping, sleeping
ⵙⴳⵏⴳⵔ	brutally enter two bodies into contact
ⵙⴳⵏⴼⴰ	Heal (tr.)
ⵙⴳⵏⵣⵉ	Being without gonna, cheeky, casual
ⵙⴳⵓⴳⴳⵓ	smoke
ⵙⴳⵓⴳⵔ	Put yourself over the fire to warm up, dry your clothes or smoke
ⵙⴳⵓⵏⴷⵓ	moldy
ⵙⴳⵓⵏⴼⵓ	to rest
ⵙⴳⵓⵔⵔⴻⵔ	Roll (Pigeon, Dove)
ⵙⴳⵓⵔⵣⵓ	wrap
ⵙⴳⵓⵙⵎⵓ	cause indigestion
ⵙⴳⵓⵛⵛⴹ	bristle
ⵙⴳⵓⵟⵟⵉ	covered
ⵙⴳⵔⴻⵔ	flatten
ⵙⴳⵔⵉⴳⵔ	to cause pain
ⵙⴳⵔⵉⴳⵔⵜ	make horizontal, level
ⵙⴳⵔⵔⵄ	burp
ⵙⴳⵔⵙ	Spend winter, winter
ⵙⴳⵕⵓⵊⵊⵎ	rod
ⵙⴳⵣⴷⴼ	be idle, wander, wander
ⵙⴳⵯⴷⵎ	to spill
ⵙⴳⵯⵔⵔⵎ	to shave
ⵙⴷⴷⵉⴷ	insist
ⵙⴷⴷⵉⵔⵉ	shelter, hide, be sheltered
ⵙⴷⴷⵉⵔⵣ	pull
ⵙⴷⴷⵉⵔⵣ	to move back
ⵙⴷⴷⵔ	earn a living
ⵙⴷⴷⵔ	enter an opportunity, take advantage of an opportunity
ⵙⴷⴷⵔⴼ	to hasten, to hurry, to press
ⵙⴷⴻⴷ	Lim, lose weight
ⵙⴷⵉⴷⴷⵉ	scare
ⵙⴷⵉⴷⴷⵉ	threaten
ⵙⴷⵉⴽⴽⵉ	Strong, make noise while walking
ⵙⴷⵉⴽⵏ	Focus, concentrate
ⵙⴷⵍ	cover
ⵙⴷⵍ	covered
ⵙⴷⵍⴼⵓ	To grope
ⵙⴷⵓ	be next to, neighbor with
ⵙⴷⵓ	lean
ⵙⴷⵓⵀⴷⵓ	drug
ⵙⴷⵓⵀⴷⵓ	tire too many words
ⵙⴷⵓⵇⵇⵔ	to hit
ⵙⴷⵓⵎⵙⵍ	Sourch or stack with fatty substance
ⵙⴷⵓⵏⴽⵍ	Drizzle, irrigate the floor before plowing
ⵙⴷⵓⵔⵔⵉ	to invade
ⵙⴷⵔⴷⵙ	Spy, spy
ⵙⴷⵔⴼⵉ	release
ⵙⴷⵔⵃ	convince
ⵙⴷⵖⴷⵖ	bruise
ⵙⴷⵖⴷⵖ	scratch
ⵙⴷⵡⵡⵅ	Stun, make you dizzy
ⵙⴹⵀⵡⵕ	stun
ⵙⴹⵓⵇⵇⵥ	explode, burst
ⵙⴹⵓⵇⵇⵥ	pierce, die
ⵙⴹⵓⵕⴹⵕ	mute
ⵙⴹⵕ	drop
ⵙⴹⵕ	lay
ⵙⴹⵕ	lower
ⵙⴹⵕⵕⴼ	embellish
ⵙⴹⵕⵚ	to stipulate
ⵙⴹⵚⴰ	to make laugh
ⵙⴹⵚⵕ	spoil, deal with extreme indulgence
ⵙⴻⵙⵙⵓ	irrigate, water, make drink
ⵙⴼⴰⴼⴰ	awaken, wake up
ⵙⴼⴰⴼⴰ	squeeze
ⵙⴼⴰⵔⵔⵉ	take off
ⵙⴼⴳⴳⵜ	recall
ⵙⴼⴼⵉ	Spring, pour, spread (liquid)
ⵙⴼⴼⵉⴷⵉ	turn your back, back down
ⵙⴼⵄⴼⵄ	Wake up with a start, surprise
ⵙⴼⵇⵇⵀ	Enlighten (instruct)
ⵙⴼⵇⵇⵀ	to warn
ⵙⴼⵇⵇⵄ	astonish
ⵙⴼⵇⵇⵄ	surprise
ⵙⴼⵉⵇⵙ	shine, sparkle
ⵙⴼⵉⵔⵏⴻⵏ	smile
ⵙⴼⵉⵔⵙ	Draw, make a sketch
ⵙⴼⵍ	overflow
ⵙⴼⵍⵍⴹ	numb
ⵙⴼⵍⵍⵙ	make it insane, deprave, spoil
ⵙⴼⵏⴷⵃ	beady
ⵙⴼⵏⵥⵡⵉ	Agree, to dismember, to be agitated
ⵙⴼⵓⴳⴳⵔ	fail
ⵙⴼⵓⴳⴳⵔ	hurt
ⵙⴼⵓⴳⵍⵓ	celebrate, celebrate
ⵙⴼⵓⴼⴼⵉ	germinating, pushing, budding
ⵙⴼⵓⴽⴽⴰ	take shape
ⵙⴼⵓⵇⵇⵔ	rush
ⵙⴼⵓⵔⴷⵓ	mortar
ⵙⴼⵓⵕⴹ	Ruer, Decate by rumoring
ⵙⴼⵔⴼⵉⵔ	To struggle (bird)
ⵙⴼⵔⴽⴻⴽ	crumble, chipping
ⵙⴼⵔⵎⵛ	swore
ⵙⴼⵔⵓⵔⵅ	Make small (volatile), hatch
ⵙⴼⵔⵓⵔⵉ	Figure, crumble, church
ⵙⴼⵔⵓⵔⵉ	to give detail
ⵙⴼⵔⵙⵙⵉ	split
ⵙⴼⵔⵜⵇ	Badin, joke
ⵙⴼⵕⵕⵊ	to entertain
ⵙⴼⵙⴰ	change (opinion, feeling, conduct)
ⵙⴼⵙⴰ	lie
ⵙⴼⵙⵙ	silence
ⵙⴼⵜⵓⵜⵜⵉ	Crumble, cut into small pieces
ⵙⴼⵢⵢⵛ	Peel argan fruits
ⵙⴽⴰⵟⵟⵉ	to break
ⵙⴽⴰⵣ	to warn
ⵙⴽⴼ	be pale
ⵙⴽⴼⴽⴼ	skim
ⵙⴽⴽⴼⵍⵉⵍ	split
ⵙⴽⴽⵉⵡⵙ	sit
ⵙⴽⴽⵍ	pad
ⵙⴽⴽⵓⵙ	sit
ⵙⴽⴽⵛⵜⵓ	to spill
ⵙⴽⵉⴼⵙ	sprinkle, sprinkle
ⵙⴽⵉⴽⴽⴹ	tickle
ⵙⴽⵉⵊⵊⵉ	cringe
ⵙⴽⵉⵏⴼⵔ	sigh
ⵙⴽⵉⵔⴽⵙ	lie
ⵙⴽⵉⵔⵔⵉ	grind, cry
ⵙⴽⵍ	curdle
ⵙⴽⵍ	slip
ⵙⴽⵍ	spy
ⵙⴽⵍⴽⴹ	sting
ⵙⴽⵍⴽⴹ	tickle
ⵙⴽⵍⵓⵍ	dazzle
ⵙⴽⵍⵓⵍ	shine
ⵙⴽⵍⵓⵍⵍⵥ	get his teeth
ⵙⴽⵍⵓⵍⵍⵥ	give goosebumps
ⵙⴽⵏⵍ	label
ⵙⴽⵏⵓⵏⵏⵉ	Roll on the ground, tumble (tr.)
ⵙⴽⵏⵓⵏⵏⵉ	drop
ⵙⴽⵓ	dry out, dehydrate
ⵙⴽⵓⴱⴱⵔ	cower
ⵙⴽⵓⴼⵔ	irritate, put in bad humor
ⵙⴽⵓⴼⵙ	spit
ⵙⴽⵓⴽ	sigh
ⵙⴽⵓⴽ	to be bored
ⵙⴽⵓⴽⴽⴼ	to fart
ⵙⴽⵓⴽⴽⵔ	bud
ⵙⴽⵓⴽⵓ	cackle
ⵙⴽⵓⵀ	excite a dog, give him the order to attack
ⵙⴽⵓⵄ	Glapir (jackal)
ⵙⴽⵓⵎⵎⵔ	immobilize
ⵙⴽⵓⵎⵎⵔ	squat
ⵙⴽⵓⵎⵔ	force, force
ⵙⴽⵓⵏⵣⵔ	nose
ⵙⴽⵓⵔ	Pelot, put in ball
ⵙⴽⵓⵔⴽⵣ	scratch
ⵙⴽⵓⵔⴽⵣ	search, return (earth)
ⵙⴽⵓⵕⵎ	sit down, sit down
ⵙⴽⵓⵕⵎ	squat
ⵙⴽⵓⵛⵎ	paralyze
ⵙⴽⵓⵛⵛⴹ	bristle
ⵙⴽⵓⵛⵛⵉ	let go of a vess, a fart
ⵙⴽⵓⵜⴰ	to rest
ⵙⴽⵓⵜⵜ	rely on
ⵙⴽⵓⵜⵜⵎ	squat
ⵙⴽⵓⵟⵟⴼ	pinch
ⵙⴽⵓⵥⵥⵉ	let go of a vess, a fart
ⵙⴽⵔ	TO DO
ⵙⴽⵔ	commit
ⵙⴽⵔⴽⵙ	lie
ⵙⴽⵔⵏⵓⵏⵛ	curl, crêper
ⵙⴽⵔⵓⵔⵉ	massacre
ⵙⴽⵔⵓⵔⵔⵛ	ride, curl, offend
ⵙⴽⵙⴼ	embellish
ⵙⴽⵙⵡⵜ	to honour
ⵙⴽⵣⴽⵣ	grind
ⵙⵀⴰⵔⵔⵉ	roll, move a rounded object by turning it on itself
ⵙⵀⵉⵇⵇⵉ	hidden
ⵙⵀⵉⵔⵔⵉ	GROGNER (dog)
ⵙⵀⵎⴷ	Soothe, calm the pains
ⵙⵀⵏⵓⵏⵏⵉ	demolish
ⵙⵀⵏⵓⵏⵏⵉ	make roll
ⵙⵀⵓ	miss (momentarily) attention, be distracted
ⵙⵀⵓⵕⵕⴹ	bray
ⵙⵀⵓⵕⵕⵓ	bray
ⵙⵀⵓⵛ	wrestle
ⵙⵃⴰⴹⵕ	have assisted, make appear, make present
ⵙⵃⵉⴷⵔ	limp
ⵙⵃⵉⴷⵙ	dancing the ahidous
ⵙⵃⵉⵃⵃⵉ	moan, suffer
ⵙⵃⵉⵍⵍⴻⵍ	lie
ⵙⵃⵉⵏ	strive, move with difficulty
ⵙⵃⵉⵏⵏⴱ	caress, spoil (treat with extreme indulgence), pamper
ⵙⵃⵉⵔⵔⵉ	Make a whistling noise while breathing, be breathless
ⵙⵃⵉⵙⵙⴼ	have concerns, worry
ⵙⵃⵉⵣⵏ	Box, claudicate
ⵙⵃⵍⵓⵍⵍⴹ	soften
ⵙⵃⵍⵓⵕⴹ	smooth
ⵙⵃⵏⵊⴼ	adopt an assigned attitude
ⵙⵃⵏⵏⵇ	shrink, make narrow, cramped
ⵙⵃⵏⵓⵏⵏⵉ	Model an object by rounding it
ⵙⵃⵏⵜⵉ	lie
ⵙⵃⵓⴷⵔ	Lean, bend, lower
ⵙⵃⵓⴼ	backtrack
ⵙⵃⵓⵏⴷⵔ	bray
ⵙⵃⵓⵔⴼ	custom
ⵙⵃⵓⵔⵔⵉ	moan, make a groan heard while breathing
ⵙⵃⵓⵔⵛ	excite, stimulate, encourage
ⵙⵃⵓⵕⵎⵓ	Pray, beg
ⵙⵃⵓⵥⵥⵕ	to beg
ⵙⵃⵔ	sprinkle
ⵙⵃⵔⵓⵔⵉ	liquefy
ⵙⵃⵔⵔⴼ	strap
ⵙⵃⵕⵕⵓ	make bitter, spicy, painful
ⵙⵃⵕⵕⵛ	excite, go up (a person)
ⵙⵃⵙⵃ	Baratinate, lie
ⵙⵃⵙⵙⵓ	listen hear
ⵙⵃⵛⵛⵎ	Shame, cover with shame, humiliate
ⵙⵃⵡⵡⵚ	to walk
ⵙⵄⵉⵔⵏⴻⵏ	gleap
ⵙⵄⵉⵔⵏⴻⵏ	yell
ⵙⵄⵏⴷⵓ	present their condolences
ⵙⵄⵏⵇ	despair
ⵙⵄⵏⵥⵍ	nasiller
ⵙⵄⵓⴽⴽⵣ	rod with a rod
ⵙⵄⵓⵄⵄⵉ	bray
ⵙⵄⵓⵇⵉ	To vomit
ⵙⵄⵓⵔⵔⵎ	make brave, brave
ⵙⵄⵓⵔⵔⵛ	pile up
ⵙⵄⵢⵢⴹ	yell
ⵙⵅⴰ	support a separation
ⵙⵅⴰ	to abandon
ⵙⵅⴰⵅⵅⵉ	scratch
ⵙⵅⴰⵍⴹ	make someone discover a place
ⵙⵅⴰⵔⵔⵉ	tear, shred
ⵙⵅⴰⵜⵔ	enlarge, grow
ⵙⵅⴰⵜⵔ	treat with consideration
ⵙⵅⴹ	curse
ⵙⵅⴼ	vanish
ⵙⵅⵅⵔ	proliferate, succeed, prosper
ⵙⵅⵉⵏⵉⵜⵔ	save money
ⵙⵅⵉⵏⵏⴼ	be about to cry
ⵙⵅⵉⵏⵛⵓ	sulk, scowling
ⵙⵅⵉⵔⵔⵉ	rip
ⵙⵅⵉⵜⵔ	enlarge, grow
ⵙⵅⵉⵜⵔ	treat with consideration
ⵙⵅⵎⵓⵣⵣⵔ	Rature, scribble
ⵙⵅⵏ	save
ⵙⵅⵏⵛⵉ	be naive, gullible
ⵙⵅⵓ	to be generous
ⵙⵅⵓⴱⴱⵉ	sip
ⵙⵅⵓⵎⵎⵉ	Make the pout while shouting, be about to cry
ⵙⵅⵓⵎⵎⵕ	crop
ⵙⵅⵓⵏⵏⴼ	Make the pout while shouting, be about to cry
ⵙⵅⵓⵔⵔⵢ	snore
ⵙⵅⵓⵕⵕ	snore
ⵙⵅⵓⵢⵏ	tire
ⵙⵅⵓⵣⵣⵔ	frown
ⵙⵅⵔⵔⵇ	lie
ⵙⵅⵔⵣ	scare, scare
ⵙⵅⵙⵅ	manhandle
ⵙⵇⴰⴷ	send
ⵙⵇⴰⵇⵉ	Caqueter, gang (hen)
ⵙⵇⴰⵇⵉ	to tremble with fear)
ⵙⵇⴱⴹ	go for it (tr.)
ⵙⵇⴹⵄ	sharpen
ⵙⵇⴹⵓ	finish, finish
ⵙⵇⴹⵓ	Cut (wire, string)
ⵙⵇⵇⵉⵇⵉ	cackle
ⵙⵇⵇⵉⵛⵓ	Dress, straighten (physical)
ⵙⵇⵇⵍ	slap
ⵙⵇⵇⵎ	put away, adjust
ⵙⵇⵇⵓⵇⵃ	astonish
ⵙⵇⵉⴷⴷⵓ	snuggle up, be crouching
ⵙⵇⵉⵏⴼⵜ	Sigh, sobbing
ⵙⵇⵉⵛⵛⵎ	cajolate
ⵙⵇⵍⵍⵇ	angry, irritate, annoy
ⵙⵇⵍⵓⵍⵍⵉ	make roll
ⵙⵇⵎⵎⵛ	stray, make narrow
ⵙⵇⵓⴱⴱⵔ	Draw roots to the pickaxe
ⵙⵇⵓⴷⴷⵙ	peck
ⵙⵇⵓⵇⵇⴷ	to roast
ⵙⵇⵓⵇⵇⴷ	tickle
ⵙⵇⵓⵊⴷⵎ	squat
ⵙⵇⵓⵏⴷⵍ	reversed
ⵙⵇⵓⵔⵔⴷ	squat
ⵙⵇⵓⵔⵔⵉ	look wide open
ⵙⵇⵓⵛⵛⵓ	Loose, make you skinny
ⵙⵇⵔ	to shut up
ⵙⵇⵔⴱⵍ	din
ⵙⵇⵔⴱⵍ	disorder
ⵙⵇⵔⵇⴱ	Entrechoquer, slam, knock on the door
ⵙⵇⵔⵔ	admit, recognize
ⵙⵇⵙⴰ	ask for
ⵙⵇⵙⴰ	to interview
ⵙⵇⵙⵇ	shine
ⵙⵉⴳⴳⵍ	look for
ⵙⵉⴳⴳⵣ	to print
ⵙⵉⴼⵔⵔ	Take, take away quickly without leaving anything
ⵙⵉⵅ	Swallowed, sag
ⵙⵉⵊⵊⵉ	Heal (tr.), Take care
ⵙⵉⵍⵍⴼ	caress, pass the hand over
ⵙⵉⵎⵎⵕ	excavate, provoke
ⵙⵉⵏⵚⴳ	chill
ⵙⵉⵖⴷ	speak with ease, correctly
ⵙⵉⵙ	boil
ⵙⵉⵜⵜⵉ	move
ⵙⵉⵜⵜⵉ	put aside
ⵙⵉⵢⵛ	hunt, spread out
ⵙⵊⵃⵊⵃ	to warm up
ⵙⵊⵊⵏ	roof
ⵙⵍⴰⵍⵉ	declaim, punctuate
ⵙⵍⴱ	be crazy, be unreasonable
ⵙⵍⴱⴱⴹ	soak, wet
ⵙⵍⴱⵜ	force
ⵙⵍⴱⵜ	submit
ⵙⵍⴳ	to be on strike
ⵙⵍⴳⵎ	censor
ⵙⵍⴳⵓⴳⴳⴷ	eagerly
ⵙⵍⴳⵓⵟⵟⵉ	lamp
ⵙⵍⴻⵍ	be very smooth
ⵙⵍⴽ	save someone
ⵙⵍⵇⵃ	Light the fire, stir up
ⵙⵍⵇⵉ	swallow
ⵙⵍⵉ	be curd, curd
ⵙⵍⵉ	go through
ⵙⵍⵉ	touch, touch slightly
ⵙⵍⵉ	toast, roast (cereals)
ⵙⵍⵉⴷⴷⵉ	drool
ⵙⵍⵉⵍ	wash, rinse
ⵙⵍⵉⵡⵍⵉⵡ	push youyous
ⵙⵍⵍ	hear listen
ⵙⵍⵍⴱ	Gover, dominate, dominate
ⵙⵍⵍⴷ	squeeze
ⵙⵍⵍⴽ	let go
ⵙⵍⵍⴽ	resign yourself, be content with little
ⵙⵍⵍⴽ	save
ⵙⵍⵍⵃ	shave, be shaved
ⵙⵍⵍⵄ	pour out
ⵙⵍⵍⵉⵍ	coat (wall)
ⵙⵍⵍⵎ	greet
ⵙⵍⵍⵓⴷⵓ	luggish
ⵙⵍⵍⵓⴼⴹ	dirty, cover with filth
ⵙⵍⵍⵓⵍⵓ	push youyous
ⵙⵍⵍⵓⵎⵎⵜ	to honour
ⵙⵍⵍⵔ	bend its price
ⵙⵍⵍⵔ	overdue, brown
ⵙⵍⵍⵙ	Damn, darken (sky)
ⵙⵍⵍⵡⵓ	produce, create
ⵙⵍⵎ	convert to Islam
ⵙⵍⵎ	strive
ⵙⵍⵎ	no longer feel a member
ⵙⵍⵎⵓⵎⵎⵉ	lick
ⵙⵍⵎⵓⵎⵎⵉ	rub, massage, pinch
ⵙⵍⵎⵓⵎⵎⵉ	suck
ⵙⵍⵎⵓⵎⵓ	soak (tr.)
ⵙⵍⵓⴱⴱⵉ	pinch
ⵙⵍⵓⴱⴷⴻⴷ	luggish
ⵙⵍⵓⴹⴼ	flip
ⵙⵍⵓⴼ	caress, pass the hand over
ⵙⵍⵓⴼⴼⵉ	skim (intr.), cover with foam
ⵙⵍⵓⵅⵛⵓ	bump, cabosser
ⵙⵍⵓⵍ	get engaged
ⵙⵍⵓⵍⵉ	shine, laminate
ⵙⵍⵓⵍⵍⵉ	go around
ⵙⵍⵓⵍⵍⵉ	to bloom
ⵙⵍⵓⵍⵍⵎ	slide
ⵙⵍⵓⵍⵍⵓ	curd, have caulots
ⵙⵍⵓⵜⵜⴼ	caress
ⵙⵍⵓⵜⵜⴼ	palpate
ⵙⵍⵓⵣⵣⵓ	disperse
ⵙⵍⵖ	to stick on
ⵙⵍⵖ	plug, be blocked
ⵙⵍⵖⴻⵖ	soften
ⵙⵍⵖⵏ	obligate
ⵙⵍⵥ	flood a field before plowing
ⵙⵎⴰⵍ	to display
ⵙⵎⴰⵍⵓ	be in the shade
ⵙⵎⴰⵍⵓ	make shadow
ⵙⵎⴰⵔⵖ	salt
ⵙⵎⴰⵖ	sow discord
ⵙⵎⴰⵙⵙ	Animate (neo.)
ⵙⵎⴰⵙⵙ	mobilize
ⵙⵎⴰⵙⵙ	move, move
ⵙⵎⴰⵜⵜⵉ	move
ⵙⵎⴰⵟⵍ	to delay
ⵙⵎⴰⵡⴰ	equip
ⵙⵎⴰⵢⵏⵓ	renew
ⵙⵎⴳⵓⵍⵍⵉ	rotate, rotate
ⵙⵎⴷ	Complete, finish, finish, finish
ⵙⵎⴷ	to add
ⵙⵎⴷ	to be completed, to be completed, to be finished
ⵙⵎⴷⵍ	cover, put a lid
ⵙⵎⴷⵓⴷⵉ	shake
ⵙⵎⴷⵢⴰ	Interpret (a role)
ⵙⵎⴹⵓⴽⴽⵓⵍ	Unite by a wedding alliance
ⵙⵎⴽⵓⵔⴻⵔ	Foment, envenue
ⵙⵎⵃ	absolve, forgive, excuse
ⵙⵎⵃⴹ	extend to the ground, extend
ⵙⵎⵃⴹⵕ	be in school
ⵙⵎⵅⴰⵣⴰ	shred
ⵙⵎⵅⵓⵣⵣ	scatter
ⵙⵎⵇⵇⵜ	shine
ⵙⵎⵉⴳⵍ	warn, threaten
ⵙⵎⵉⴷⴷⵍ	slap
ⵙⵎⵉⴷⵖ	wreaths
ⵙⵎⵉⴹⵏ	be sick
ⵙⵎⵉⵄⵄⵉⵇ	bleat
ⵙⵎⵉⵄⵄⵉⵇ	shout (child)
ⵙⵎⵉⵇⵇⵜ	rail with small drops
ⵙⵎⵉⵇⵉ	swel
ⵙⵎⵉⵍⵍⵉ	pamper
ⵙⵎⵉⵎ	be acrid
ⵙⵎⵉⵎⵏ	attributed to
ⵙⵎⵉⵎⵏ	to trust
ⵙⵎⵉⵔⵖ	salt
ⵙⵎⵉⵙⵉ	Align, justify (text)
ⵙⵎⵊⴳⵔ	Grimacate, imitate someone's gestures
ⵙⵎⵍ	turn, direct
ⵙⵎⵍⴰⵍⵍⵉ	Alternate, turn something back
ⵙⵎⵍⴰⵍⵍⵉ	dizzy
ⵙⵎⵍⴻⵍ	turn a ring around your finger
ⵙⵎⵍⵏⴷⴻⴷ	right
ⵙⵎⵍⵏⴷⴻⴷ	to confront
ⵙⵎⵍⵓⵍⵍⵉ	Alternate, turn something back
ⵙⵎⵎ	sweep
ⵙⵎⵎⴰⵍⵍⵉ	to hang up
ⵙⵎⵎⴳⵕⴰⵥ	regret
ⵙⵎⵎⴷⵔⴰⵙ	align
ⵙⵎⵎⴹⵕⵏ	meditate
ⵙⵎⵎⴽⵊⵎ	Enter, mix
ⵙⵎⵎⴽⵜⵉ	recall each other
ⵙⵎⵎⵅ	blacken
ⵙⵎⵎⵊⴷⵉⵡⵍ	sprain
ⵙⵎⵎⵊⴷⵉⵡⵍ	stumble
ⵙⵎⵎⵍⵢ	cut
ⵙⵎⵎⵏⴹⵕ	Bring the cattle in the evening
ⵙⵎⵎⵏⵖⵓⵖⴷ	cruelly beat
ⵙⵎⵎⵏⵜⵙ	stir up
ⵙⵎⵎⵓ	appoint
ⵙⵎⵎⵓⵍⵍⵥ	Luxur, cause dislocation
ⵙⵎⵎⵓⵎ	be sour, tangy
ⵙⵎⵎⵓⵣⵣⵓ	be happy
ⵙⵎⵎⵔⴳ	break, break
ⵙⵎⵎⵔⴳⵉⴳ	shake
ⵙⵎⵎⵔⴽⵯⵛ	stir
ⵙⵎⵎⵔⵎⵉ	whine
ⵙⵎⵎⵔⵣⵓⵣⵖ	open, between
ⵙⵎⵎⵖⵉ	to grow
ⵙⵎⵎⵖⵔⴷ	lengthen
ⵙⵎⵎⵙ	quintuple
ⵙⵎⵎⵙⵏ	exhaust
ⵙⵎⵎⵙⵜⵉ	Choose, sort
ⵙⵎⵎⵛⵜⴳ	move
ⵙⵎⵎⵜⵍⵓ	to chatter
ⵙⵎⵎⵣⴷⴰ	miscarry
ⵙⵎⵎⵣⴷⵉ	join
ⵙⵎⵏⴰⴳⴳⴰⵔ	meet
ⵙⵎⵏⴰⵍ	oppose
ⵙⵎⵏⵇⵕ	sting
ⵙⵎⵏⵇⵕ	to hit
ⵙⵎⵏⵓ	Return, straighten
ⵙⵎⵏⵖⵔ	gull
ⵙⵎⵏⵙⵓ	Give dinner, prepare the supper
ⵙⵎⵓⵀⵓⵢ	beady
ⵙⵎⵓⵀⵔⵜ	cow
ⵙⵎⵓⵇⵇⵍ	look at
ⵙⵎⵓⵍⵍⵓ	Refer to, sympathize with
ⵙⵎⵓⵍⵍⵖ	salivate, savor
ⵙⵎⵓⵍⵓ	be in the shade
ⵙⵎⵓⵍⵓ	be shaded, being shady
ⵙⵎⵓⵎⵎⴳ	smile, pout
ⵙⵎⵓⵎⵎⵉ	to complain
ⵙⵎⵓⵏ	Gather, assemble, bring together, collect, group together
ⵙⵎⵓⵏ	accompany
ⵙⵎⵓⵏⵏⴹ	to twist, tangle, confuse, tangle
ⵙⵎⵓⵔ	be over
ⵙⵎⵓⵔⵔⵉ	to walk
ⵙⵎⵓⵔⵙⵍⵓ	blaze
ⵙⵎⵓⵕⴹⵚ	Kill without ritually slaughter, make filth (animal)
ⵙⵎⵓⵖⵉ	sink
ⵙⵎⵓⵙⵙⵓ	Animate (neo.)
ⵙⵎⵓⵙⵙⵓ	mobilize
ⵙⵎⵓⵙⵙⵓ	move, move
ⵙⵎⵓⵜⵜⴳ	form
ⵙⵎⵓⵜⵜⴳ	prepare
ⵙⵎⵓⵜⵜⴳ	prepare
ⵙⵎⵓⵜⵜⵉ	move
ⵙⵎⵓⵜⵜⵍ	swaddle, wrap, wrap
ⵙⵎⵓⵜⵜⵔ	Gather, collect, collect
ⵙⵎⵓⵢⴹ	Make watch, prevent sleeping
ⵙⵎⵓⵢⵎⵏ	congratulate
ⵙⵎⵓⵣⵣⵔ	drop
ⵙⵎⵔ	Cook, prepare (meal)
ⵙⵎⵔⴰⵔⴰ	return from one side to the other
ⵙⵎⵔⴰⵔⴰ	transfer
ⵙⵎⵔⴷⵡⵉ	disorder
ⵙⵎⵔⴽⵙ	to mix together
ⵙⵎⵔⵉ	make it difficult, make hard, make you arduous
ⵙⵎⵔⵎⵔ	drool
ⵙⵎⵔⵓⵔⴷ	go on all fours
ⵙⵎⵔⵔⵖ	ride on the ground
ⵙⵎⵔⵖⴰ	shine
ⵙⵎⵔⵖⴷ	ride on the ground
ⵙⵎⵔⵡⵉ	disorder
ⵙⵎⵖⵎⵖ	mirroy
ⵙⵎⵙⴰⵙⴰ	fit out (neo.)
ⵙⵎⵙⴰⵙⴰ	level up, flatten
ⵙⵎⵙⴰⵙⴰ	put away, order, regulate
ⵙⵎⵙⴽⵏ	Make the poor, the unfortunate
ⵙⵎⵙⵉ	vary
ⵙⵎⵙⵖⵍⵉ	entangle
ⵙⵎⵛⵜⴰⴳ	stir, move
ⵙⵎⵜⵜⵉ	Return, overturn, tumble
ⵙⵎⵟⵟⵉⵡ	Cry, shed tears
ⵙⵎⵟⵟⵉⵡ	tear
ⵙⵎⵢⴰⴳⴰⵔ	Make it unequal, do not equalize
ⵙⵎⵢⴰⵜⴰⵢ	make more numerous, multiply
ⵙⵎⵢⵉⴼ	compare
ⵙⵎⵢⵉⴽⵣ	get to recognize
ⵙⵎⵢⵉⵊⵉ	rib
ⵙⵎⵢⵉⵕⴹ	sail in a veil
ⵙⵎⵢⵉⵙⵙⵏ	make presentations
ⵙⵎⵢⵉⵟⵟⴼ	bond
ⵙⵎⵢⵉⵡⵉ	unite by marriage, marry
ⵙⵎⵢⵢⵍ	tilt
ⵙⵎⵣⴰⵣⴰⵍ	compare
ⵙⵎⵣⵔ	scatter
ⵙⵎⵥⴹⴰ	Brass, untangle
ⵙⵏⴰⵃⵢⴰ	differentiate, distinguish, discriminate
ⵙⵏⴰⵇⵇⵚ	decrease
ⵙⵏⴰⵍ	Support, support, tear
ⵙⵏⴰⵍ	to stare
ⵙⵏⴰⵎⵎⵙ	center
ⵙⵏⴰⵖ	argue
ⵙⵏⴱⴳⵉ	Invite, receive, welcome
ⵙⵏⴱⴷⵓ	estimate
ⵙⵏⴱⵓⵜⵜⵍ	Take tangle, tangle, confuse
ⵙⵏⴱⵓⵜⵜⵍ	to delay
ⵙⵏⴱⵓⵥⵥⵍ	overturn, lie on the ground
ⵙⵏⴳⴰⴷⴷⴰ	flatten, equalize, adjust
ⵙⵏⴳⵉⴳⴳ	shake up
ⵙⵏⴳⵉⵔⵉ	to separate
ⵙⵏⴳⵓⴷⵎ	to encounter
ⵙⵏⴳⵓⵟⵟⵎ	Enlighten, cause a spin
ⵙⵏⴳⵥⵥⵍ	stretch
ⵙⵏⴷⴼ	Aviver (wound)
ⵙⵏⴷⴼ	remove the marrow
ⵙⵏⴷⵍ	shelter
ⵙⵏⴹⵡ	blow
ⵙⵏⴼⴰⵙⵙⵉ	disperse (crowds), untangle
ⵙⵏⴼⵍⵓⵍ	Create (art), innovate
ⵙⵏⴼⵓⴼⴷ	stir up
ⵙⵏⴽⵄ	breastfeed
ⵙⵏⴽⵓⵎⵎⵓ	embarrass
ⵙⵏⴽⵓⵎⵎⵓ	narrow
ⵙⵏⵀⴰⴱⴱⵔ	dilapidate
ⵙⵏⵀⵉⵇⵉ	to spill
ⵙⵏⵀⵔⵡⵍ	swing from left to right
ⵙⵏⵀⵣⵣ	shake
ⵙⵏⵃⴰⵛⵛⵎ	shame
ⵙⵏⵃⵉⵃⵃⵔ	neigh
ⵙⵏⵃⵏⵃ	neigh
ⵙⵏⵃⵓⴼⴼⵔ	hide
ⵙⵏⵄⵎⵍ	pretend, to pretend
ⵙⵏⵄⵜ	show
ⵙⵏⵉⵍ	oppose
ⵙⵏⵉⵎ	get used to
ⵙⵏⵉⵎⵎⵔ	thank
ⵙⵏⵉⵔⵉ	offset from his offspring
ⵙⵏⵉⵖⵕⴹ	Report, ATERMOYER
ⵙⵏⵉⵖⵕⴹ	to profit from
ⵙⵏⵉⵙⵙⵜ	ooze
ⵙⵏⵎ	Return, train
ⵙⵏⵎ	align
ⵙⵏⵎⴰⵍⴰ	arrange
ⵙⵏⵎⴰⵍⴰ	rib
ⵙⵏⵎⵍ	define
ⵙⵏⵏⴳⵔⵓ	reassure, calm
ⵙⵏⵏⴳⵣⵓ	interrupt, fail
ⵙⵏⵏⴷ	rely, lean on, beacked
ⵙⵏⵏⴼⵙⵉ	dispel
ⵙⵏⵏⴼⵙⵓⵙⵉ	Detach, loosen, solve
ⵙⵏⵏⵉⵖⵙ	to notice
ⵙⵏⵏⵉⵣⵡⵉ	disseminate
ⵙⵏⵏⵎⵔ	embarrass, sway
ⵙⵏⵏⵎⵔⵓⵔⵉ	exhaust
ⵙⵏⵏⵖⵥⵎ	dislocate
ⵙⵏⵏⵙⵔⴼ	ugly
ⵙⵏⵏⵙⵜⵎ	demolish, destroy
ⵙⵏⵏⵟⴼⵚ	bend
ⵙⵏⵏⵣⵉ	cross
ⵙⵏⵓⴱⴱⵛ	search
ⵙⵏⵓⴷⴷⵎ	drowns
ⵙⵏⵓⴹⵓ	bend
ⵙⵏⵓⴼⴼⵉ	transfer
ⵙⵏⵓⴼⴼⵔ	to hide
ⵙⵏⵓⴼⵍ	behave like crazy
ⵙⵏⵓⴼⵍ	go mad, panic
ⵙⵏⵓⴼⵙ	wander slightly
ⵙⵏⵓⵇⴱ	drill
ⵙⵏⵓⵍⴼⵓ	Create, invent
ⵙⵏⵓⵎⵎⵍ	describe
ⵙⵏⵓⵙⵓ	move, move
ⵙⵏⵓⵛⵛⴳ	Shake, stir (tr.)
ⵙⵏⵖⵍ	to pay
ⵙⵏⵖⵎⵙ	inform
ⵙⵏⵖⵎⵙ	inform
ⵙⵏⵖⵓⴱⴱⵔ	hide, hide
ⵙⵏⵖⵓⴱⵓ	hide, hide
ⵙⵏⵢⵓⴷⴷⵔ	spread
ⵙⵏⵢⵢⵛ	aim, direct a weapon, an object
ⵙⵏⵣⴼ	tired
ⵙⵏⵥⵍ	GRANCER, CREVAKER
ⵙⵓ	be irrigated
ⵙⵓ	drink, absorb
ⵙⵓⴳ	Attack, invade, raid, plunder
ⵙⵓⴳⴳⵔ	bend to see
ⵙⵓⴳⴳⵔ	watch
ⵙⵓⴷⴷ	be lit, see clear
ⵙⵓⴷⴷⵎ	drain, drain
ⵙⵓⴷⵔⵙ	Reduce, reduce, cut off
ⵙⵓⴷⵔⵙ	gnaw
ⵙⵓⴹ	blow out
ⵙⵓⴼⴼ	inflate
ⵙⵓⴼⴼ	wet, moisten
ⵙⵓⴼⵓ	shine, sparkle (lightning)
ⵙⵓⴼⵔ	be useful
ⵙⵓⴽⴼⵙ	sprinkle, sprinkle
ⵙⵓⴽⴽⵎ	be covered with clouds
ⵙⵓⴽⵏⵓ	twin
ⵙⵓⵅⵅⵔ	back down, push back, differ
ⵙⵓⵇ	to the market
ⵙⵓⵇⵇⵍ	look see
ⵙⵓⵇⵇⵙ	Light (fire), set the fire
ⵙⵓⵇⵇⵙ	have thorns (plants)
ⵙⵓⵍ	be still, continue, stay, be alive, remain
ⵙⵓⵎⵎⵔ	get to the adret, expose yourself to the sun, be exposed to the sun
ⵙⵓⵎⵎⵜ	Put a pillow under the head, to lean
ⵙⵓⵎⵏ	illustrate
ⵙⵓⵏⴳⵎ	Power (day, sun)
ⵙⵓⵏⴼⵓ	to rest
ⵙⵓⵏⴼⵙ	to breathe
ⵙⵓⵏⵏⴹ	contaminate
ⵙⵓⵏⵏⴹ	impute
ⵙⵓⵏⵏⴹ	stake
ⵙⵓⵏⵙⵓⵢ	Sweep, prowse, look
ⵙⵓⵔ	walk on, set foot on
ⵙⵓⵔⴳⵜ	Raise with a lever or crane
ⵙⵓⵔⵔⵉ	return, return
ⵙⵓⵔⵙ	take place in a table
ⵙⵓⵕⵚⴹ	rot, corrupt, spoil
ⵙⵓⵙⴰⵢ	to walk slowly
ⵙⵓⵙⵉ	weeding, weeding
ⵙⵓⵙⵔ	Save (sound)
ⵙⵓⵙⵜⵉ	scroll
ⵙⵓⵛⵛⴼ	swim
ⵙⵓⵡ	ripen, ripen
ⵙⵓⵢ	soak
ⵙⵔⴰⵔⴰ	give vomit, vomiting
ⵙⵔⴳ	abort
ⵙⵔⴳ	pick up
ⵙⵔⴼⵓⴼⵏ	tire, exhaust, exhaust, tire
ⵙⵔⴼⵓⴼⵏ	torture
ⵙⵔⵉ	Moving (skin, plumage)
ⵙⵔⵉ	comb
ⵙⵔⵉ	eagerly
ⵙⵔⵉ	eat the leftovers
ⵙⵔⵉⴱⴱⵍ	grop
ⵙⵔⵉⴷⵍ	limp
ⵙⵔⵉⵔⵔⵉ	act quickly, to do quickly
ⵙⵔⵎ	Losing weight (suddenly)
ⵙⵔⵎ	cut, plane
ⵙⵔⵎ	strip
ⵙⵔⵎⵓⵎⵛ	crush
ⵙⵔⵎⵓⵎⵛ	stir
ⵙⵔⵓ	Fresh (frame)
ⵙⵔⵓ	get up at dawn
ⵙⵔⵓⴳⴳⴱ	bend to see
ⵙⵔⵓⴳⴳⵜ	Release steam, produce steam
ⵙⵔⵓⴼⵓ	thirsty, alter
ⵙⵔⵓⵔⴷ	Porter on the back while rocking
ⵙⵔⵔⴱ	Enjoy, sneak
ⵙⵔⵔⴱ	to slide
ⵙⵔⵔⵃ	Unclog, disgorge
ⵙⵔⵙ	put down
ⵙⵔⵙⵔ	ring
ⵙⵔⵛⵍ	marry
ⵙⵔⵜⵉ	glow
ⵙⵔⵜⵉ	shine
ⵙⵔⵜⵉ	shine
ⵙⵔⵣⴳ	spoil
ⵙⵔⵣⵎ	hurt
ⵙⵖ	to buy
ⵙⵖⴰⵡⵙⴰ	need to, require
ⵙⵖⴱⵏ	make sad, saddened
ⵙⵖⴷⵛ	to present
ⵙⵖⵉⵍⵍⵜ	exploit (a land), take advantage of
ⵙⵖⵉⵎ	dwell
ⵙⵖⵉⵔⵏⵙ	be taciturn, be concerned
ⵙⵖⵉⵡⵙ	Develop (IT)
ⵙⵖⵊⴷⵎ	Sit
ⵙⵖⵍ	Measure, gauge
ⵙⵖⵍⵍⴰ	make eternal, make it last, perpetuate
ⵙⵖⵍⵍⴰ	to exploit
ⵙⵖⵏⴱⵔ	face one's face
ⵙⵖⵏⴷⴼ	Strong, make stupid
ⵙⵖⵓⴱ	make it deeper, deepen
ⵙⵖⵓⴷⵉ	revise
ⵙⵖⵓⴷⵓ	embellish, improve
ⵙⵖⵓⵎⵎⴰ	suffocate, suffocate
ⵙⵖⵓⵎⵎⵔ	corner
ⵙⵖⵓⵎⵎⵔ	hit
ⵙⵖⵓⵏⴼ	be disgusted, repel by disgust
ⵙⵖⵓⵏⴼ	groan
ⵙⵖⵓⵔ	dry out
ⵙⵖⵓⵔⵔⵛ	look dumbfounded
ⵙⵖⵓⵔⵜ	push youyous
ⵙⵖⵓⵢ	Shout, crush, scream
ⵙⵖⵔ	to look to see
ⵙⵖⵔ	harden (make hard)
ⵙⵖⵔ	to dry
ⵙⵖⵔⵓⵔⵜ	push youyous
ⵙⵖⵔⵔⴱ	exile, expatriate
ⵙⵖⵔⵔⵎ	pile up, stack
ⵙⵖⵔⵜ	to qualify
ⵙⵖⵡⵡⵖ	encourage revolt
ⵙⵖⵣⵏ	to validate
ⵙⵖⵣⵓ	to jail
ⵙⵙⴰⴳⴳⵓⴳ	remove
ⵙⵙⴰⴳⴳⵯ	Cover (event) (neo.)
ⵙⵙⴰⴳⴳⵯ	overhang
ⵙⵙⴰⴷⴷ	light up
ⵙⵙⴰⴹ	Lose reason, delirious
ⵙⵙⴰⴹ	be rabid
ⵙⵙⴰⴹⴼⵓⵜ	soften, make gentle
ⵙⵙⴰⴹⵏ	make sick
ⵙⵙⴰⴹⵓ	return
ⵙⵙⴰⴽⵓⴷ	date
ⵙⵙⴰⴽⵯⵉ	hatch
ⵙⵙⴰⴽⵯⵉ	miss
ⵙⵙⴰⴽⵯⵉ	wake
ⵙⵙⴰⵍⵍⴰ	make cry
ⵙⵙⴰⵍⵍⵓⴼ	mop
ⵙⵙⴰⵍⵓ	multiply, increase the number of
ⵙⵙⴰⵍⵓ	release, loosen
ⵙⵙⴰⵎⵓ	associate with
ⵙⵙⴰⵎⵓⵎ	make you skinny
ⵙⵙⴰⵏⵓⵏ	train (animal), train
ⵙⵙⴰⵔ	associate
ⵙⵙⴰⵔ	get a lot, mix
ⵙⵙⴰⵔ	mix, mix
ⵙⵙⴰⵔ	empty
ⵙⵙⴰⵔⴰ	Walking, walking
ⵙⵙⴰⵔⴰ	cross, browse
ⵙⵙⴰⵔⴰ	surfing the net
ⵙⵙⴰⵔⵓ	Engrosser, make big, pregnant
ⵙⵙⴰⵔⵓ	fructive
ⵙⵙⴰⵔⵓ	give birth (tr.)
ⵙⵙⴰⵔⵔⵉ	Slide, slide
ⵙⵙⴰⵖ	cause
ⵙⵙⴰⵖ	light the fire)
ⵙⵙⴰⵖ	touch
ⵙⵙⴰⵖⴷ	right
ⵙⵙⴰⵖⴷ	to correct
ⵙⵙⴰⵖⵓⵍ	return, return
ⵙⵙⴰⵙⵉ	carry
ⵙⵙⴰⵙⵉ	order to attack
ⵙⵙⴰⵛⴽ	mislead
ⵙⵙⴰⵡⴹ	send, bring
ⵙⵙⴰⵥ	bring together
ⵙⵙⴱⵅⵉⵏ	Make black, blacken (tr.)
ⵙⵙⴱⵅⵍ	lazy
ⵙⵙⴱⵓⵃⵔⵓ	to brag
ⵙⵙⴱⵖⵙ	encourage
ⵙⵙⴱⵙⵍ	make bland, tasteless
ⵙⵙⴱⵙⵍ	spoil (treat with extreme indulgence)
ⵙⵙⴱⵣⴳ	swell
ⵙⵙⴱⵣⴳ	wet
ⵙⵙⴱⵥⴹ	urinate, make urinate
ⵙⵙⴳ	start
ⵙⵙⴳⴷⵍ	discuss
ⵙⵙⴳⴷⵍ	covered
ⵙⵙⴳⴷⵓⴷ	Save, spend sparingly
ⵙⵙⴳⵍⴼ	Make it miss, hide
ⵙⵙⴳⵍⵎ	blunder, burn
ⵙⵙⴳⵍⵓⴳⵍ	Stagnate, prevent us from overflowing
ⵙⵙⴳⵎ	adopt
ⵙⵙⴳⵎ	develop
ⵙⵙⴳⵎ	educate, raise
ⵙⵙⴳⵏⴷ	maladen
ⵙⵙⴳⵏⵓ	cloud
ⵙⵙⴳⵓⵜ	exaggerate
ⵙⵙⴳⵔⴷ	tame, domesticate
ⵙⵙⴳⵔⵓ	explain
ⵙⵙⴳⵙⵔ	brighten up, excite laughter
ⵙⵙⴳⵣⵉⵍ	shorten, rapetass
ⵙⵙⴷ	demolish, destroy
ⵙⵙⴷⴽ	strengthen, harden
ⵙⵙⴷⵀⵛ	astonish
ⵙⵙⴷⵃⴰ	be shy, being ashamed
ⵙⵙⴷⵓⵙ	consolidate, strengthen, strengthen
ⵙⵙⴷⵓⵢ	revive (neo.)
ⵙⵙⴷⵓⵢ	wake
ⵙⵙⴷⵔⵉ	cause premature delivery
ⵙⵙⴷⵔⵓ	involve, associate
ⵙⵙⴷⵔⵓ	deepen
ⵙⵙⴷⵔⵓⵙ	Reduce the number or quantity
ⵙⵙⴷⵖⵍ	Frelater, falsify, distort
ⵙⵙⴷⵡⵓⵡⵙ	start
ⵙⵙⴹⴼⵓⵕ	follow up
ⵙⵙⴹⵍⵓ	blacken
ⵙⵙⴹⵍⵓ	large quantity
ⵙⵙⴹⵍⵓ	soak
ⵙⵙⴹⵎⵄ	give hope, let hope
ⵙⵙⴹⵏⵉ	make thick, big
ⵙⵙⴹⵕⵓ	achieve
ⵙⵙⴹⵖⴰⵖ	make consistent, harden (tr,)
ⵙⵙⴹⵚ	sextulum
ⵙⵙⴻⵙⴷⴻⴷ	slim
ⵙⵙⴻⵙⴷⴻⴷ	use, deteriorate
ⵙⵙⴻⵙⴼⵔ	cure
ⵙⵙⴼ	extract
ⵙⵙⴼ	vanish
ⵙⵙⴼⴰⵡ	advise
ⵙⵙⴼⴰⵡ	light up
ⵙⵙⴼⴹ	Clean, wipe, erase
ⵙⵙⴼⴹⵍ	freeze
ⵙⵙⴼⴹⵍ	sting
ⵙⵙⴼⴹⵕ	offer the morning meal
ⵙⵙⴼⵉ	Draw an abscess
ⵙⵙⴼⵉ	overflow
ⵙⵙⴼⵍⴷ	listen hear
ⵙⵙⴼⵓⵔⵓ	to watch
ⵙⵙⴼⵔⴽ	Awareness, make aware of
ⵙⵙⴼⵔⵉ	cause a slit, tear
ⵙⵙⴼⵔⵓ	explain, lighten
ⵙⵙⴼⵔⵖ	caricature (neo.)
ⵙⵙⴼⵔⵖ	to twist, bend, fold, distort
ⵙⵙⴼⵔⵙ	sharpen
ⵙⵙⴼⵕⵃ	make it happy, make cheerful, brighten up
ⵙⵙⴼⵙⵉ	dissolve, melt (tr.)
ⵙⵙⴼⵜⵉ	conjugate
ⵙⵙⴼⵜⵓ	to dictate
ⵙⵙⴼⵜⵓ	graze
ⵙⵙⴼⵜⵓ	send away
ⵙⵙⴼⵜⵓⵜⵉ	crumble
ⵙⵙⴽⴹⵓ	feel
ⵙⵙⴽⴼⵕ	Get out, irritate
ⵙⵙⴽⴽ	pass
ⵙⵙⴽⴽ	send, ship
ⵙⵙⴽⴽ	sweep
ⵙⵙⴽⵊⵎ	bring in, introduce
ⵙⵙⴽⵍ	pass the day
ⵙⵙⴽⵎⴹ	burn
ⵙⵙⴽⵎⵉ	offer to smoke
ⵙⵙⴽⵎⵔ	swallow
ⵙⵙⴽⵏ	show
ⵙⵙⴽⵏⴷ	dive
ⵙⵙⴽⵏⴷ	make a stuffing for someone
ⵙⵙⴽⵏⵓ	bend, curb
ⵙⵙⴽⵔⵀ	Make hate, bring to hate
ⵙⵙⴽⵔⵎ	cool (tr.)
ⵙⵙⴽⵔⵜ	curd (tr.)
ⵙⵙⴽⵕⵥ	consolidate, strengthen
ⵙⵙⴽⵙⵓ	look see
ⵙⵙⴽⵙⵓ	to pay attention
ⵙⵙⴽⵛⵎ	bring in, introduce
ⵙⵙⴽⵜⵉ	Recall, help to remember
ⵙⵙⴽⵜⵉ	stir up
ⵙⵙⵀⴱⴹ	to disrupt
ⵙⵙⵀⴹⵕ	amuse, entertain
ⵙⵙⵀⵡⵏ	facilitate, simplify
ⵙⵙⵃⴹⵕ	teach in a Koranic school
ⵙⵙⵃⴼⵓ	exhaust, weaken
ⵙⵙⵃⵇⵔ	despise, disdain
ⵙⵙⵃⵍⵓ	make good, nice
ⵙⵙⵃⵍⵓ	sweet
ⵙⵙⵃⵎⵓ	heat
ⵙⵙⵃⵔⴷ	Discard, angry
ⵙⵙⵃⵔⵇ	Vex, offend, offend
ⵙⵙⵃⵕⵛ	make intelligent
ⵙⵙⵃⵙⵓ	heart
ⵙⵙⵄⴷⵓ	pass
ⵙⵙⵄⵇⴱ	return
ⵙⵙⵅⴷⵎ	Make work, operate
ⵙⵙⵅⵍⵄ	scare
ⵙⵙⵅⵍⵓ	panic
ⵙⵙⵅⵎⵊ	rot, stack
ⵙⵙⵅⵏⵓⵏⵏⵚ	ride on the ground
ⵙⵙⵅⵙⵉ	switch off
ⵙⵙⵅⵙⵉ	to choke
ⵙⵙⵅⵙⵔ	deteriorate, spoil, damage
ⵙⵙⵅⵙⵔ	spend
ⵙⵙⵅⵛⵏ	Enlaid, make bad
ⵙⵙⵅⵡⵓ	empty
ⵙⵙⵇⵎⵔ	shrink
ⵙⵙⵇⵔⴼ	Cold, cool
ⵙⵙⵇⵙⵃ	hurt
ⵙⵙⵇⵙⵃ	make solid, consolidate
ⵙⵙⵇⵙⵃ	upset
ⵙⵙⵉⴱⵍⵓ	blink, ciller
ⵙⵙⵉⴳⴳ	look from above
ⵙⵙⵉⴳⴳ	predominate
ⵙⵙⵉⴳⴳⵯⴷ	scare, scare
ⵙⵙⵉⴳⴹ	be turbulent
ⵙⵙⵉⴳⵍ	Hang, put around the neck, hang to
ⵙⵙⵉⴳⵎ	Infect, contaminate
ⵙⵙⵉⴳⵔ	get too much
ⵙⵙⵉⴳⵔ	invite to a meal
ⵙⵙⵉⴳⵯⵊ	remove
ⵙⵙⵉⴷⴷ	light up
ⵙⵙⵉⴷⴻⴷ	check
ⵙⵙⵉⴷⴼ	let in
ⵙⵙⵉⴷⵉ	sweat
ⵙⵙⵉⴷⵍⴼ	teach literacy
ⵙⵙⵉⴷⵏ	Accept the will of God
ⵙⵙⵉⴷⵔ	bring to life, resuscitate
ⵙⵙⵉⴷⵔⵓⵙ	scarce, reduce the number or quantity
ⵙⵙⵉⴷⵙ	bring together
ⵙⵙⵉⴹⵏ	count, calculate, list
ⵙⵙⵉⴼⴹ	send, ship
ⵙⵙⵉⴼⴼ	sink
ⵙⵙⵉⴼⵍ	tan
ⵙⵙⵉⴼⵔⵓ	flap its wings
ⵙⵙⵉⴼⵔⵓ	go away, get away
ⵙⵙⵉⴼⵙⵓⵙ	lighten, make light
ⵙⵙⵉⴽⵉ	miss, miss, absent
ⵙⵙⵉⴽⵉ	put on a fallow
ⵙⵙⵉⴽⵍ	walk
ⵙⵙⵉⴽⵍ	catch up
ⵙⵙⵉⴽⵍ	stall
ⵙⵙⵉⴽⵎ	bring in, introduce
ⵙⵙⵉⴽⵙⵉⵍ	equalize
ⵙⵙⵉⴽⵚⵓⴹ	make
ⵙⵙⵉⵃⵍ	tired
ⵙⵙⵉⵅⴼ	preside
ⵙⵙⵉⵇⵇⴹ	bleed
ⵙⵙⵉⵍ	sink
ⵙⵙⵉⵍⴳⵯⵉⵖ	Milly, soften
ⵙⵙⵉⵍⵉ	highlight, enhance
ⵙⵙⵉⵍⵉ	lug
ⵙⵙⵉⵍⵍⵙ	to be or become obscure, to be or become dark
ⵙⵙⵉⵍⵡ	hang, let hang
ⵙⵙⵉⵎⵉⵎ	make gentle, soften
ⵙⵙⵉⵎⵍⵓⵍ	whiten, make white
ⵙⵙⵉⵎⵏ	Make it believe, inspire confidence
ⵙⵙⵉⵎⵔ	rejoice
ⵙⵙⵉⵎⵖⵓⵔ	enlarge, grow
ⵙⵙⵉⵎⵖⵓⵔ	reward
ⵙⵙⵉⵎⵖⵓⵔ	treat with respect
ⵙⵙⵉⵎⵙ	set off
ⵙⵙⵉⵎⵙ	to crush
ⵙⵙⵉⵎⵥⵉ	Rapotes, make small
ⵙⵙⵉⵏⴼ	Discard, divert, put aside
ⵙⵙⵉⵏⵅⵉⵙ	Sigh, sobbing
ⵙⵙⵉⵔ	empty
ⵙⵙⵉⵔⴷ	wash, wash
ⵙⵙⵉⵔⴼ	Thirsty, altering
ⵙⵙⵉⵔⵉⵡ	to broaden
ⵙⵙⵉⵔⵎ	exercise, train
ⵙⵙⵉⵔⵎ	give the first fruits
ⵙⵙⵉⵔⵎ	make taste, initiate
ⵙⵙⵉⵔⵓ	give birth (tr.), help put in low
ⵙⵙⵉⵔⵖⵉⵙ	brown
ⵙⵙⵉⵔⵡⵉⵙ	make identical, similar
ⵙⵙⵉⵕⵥⵉⴳ	make bitter, acre
ⵙⵙⵉⵖ	lengthen
ⵙⵙⵉⵖ	pass, give, tender
ⵙⵙⵉⵖ	reach
ⵙⵙⵉⵖ	to light up
ⵙⵙⵉⵖ	to touch
ⵙⵙⵉⵖⵣⵉⴼ	lengthen, make long
ⵙⵙⵉⵖⵥⵉⵏ	approve
ⵙⵙⵉⵙ	to boil
ⵙⵙⵉⵙⴳⵉⵏ	Make black, blacken (tr.)
ⵙⵙⵉⵙⴷⵉⴷ	thin, make thin
ⵙⵙⵉⵙⴼⵉⵡ	light up
ⵙⵙⵉⵙⵉ	Charrier, transport
ⵙⵙⵉⵙⵉ	carry
ⵙⵙⵉⵙⵍⵉⵡ	Faner, withered
ⵙⵙⵉⵙⵎⵓⵎ	Make sour, acid, bitter
ⵙⵙⵉⵙⵏ	salt
ⵙⵙⵉⵙⵏ	sauce bread
ⵙⵙⵉⵚⵎⵉⴹ	cool (tr.)
ⵙⵙⵉⵛⴽ	mislead
ⵙⵙⵉⵜⵉ	press, stall
ⵙⵙⵉⵜⵎ	wish, hope
ⵙⵙⵉⵜⵎ	put out, put aside
ⵙⵙⵉⵜⵎ	save, save
ⵙⵙⵉⵜⵢ	approach
ⵙⵙⵉⵜⵢ	turn on
ⵙⵙⵉⵟⵟⵏ	count, calculate, list
ⵙⵙⵉⵡⴷ	scare
ⵙⵙⵉⵡⴹ	send, take, drive
ⵙⵙⵉⵡⴹ	to transmit
ⵙⵙⵉⵡⵉ	look deeply, meditate
ⵙⵙⵉⵡⵍ	marry
ⵙⵙⵉⵡⵍ	talk
ⵙⵙⵉⵡⵏ	make climb (a slope)
ⵙⵙⵉⵡⵔⵉⵖ	yellow (tr.), make yellow
ⵙⵙⵉⵡⵖ	graze
ⵙⵙⵉⵡⵙ	pay the fee
ⵙⵙⵉⵡⵙ	to help
ⵙⵙⵉⵡⵙⵉⵔ	Make old, make old, age (tr.)
ⵙⵙⵉⵡⵢ	climb, climb a climb
ⵙⵙⵉⵡⵢ	dock
ⵙⵙⵉⵢⵍⵍ	evaporate, evaporate
ⵙⵙⵉⵢⵍⵍ	fly
ⵙⵙⵉⵣⴷⴳ	make clean, clear
ⵙⵙⵉⵣⵓⵔ	bold
ⵙⵙⵉⵣⵓⵔ	thicken, make big
ⵙⵙⵉⵣⵔ	Associate, take a partner
ⵙⵙⵉⵣⵖ	dry, make dry
ⵙⵙⵉⵣⵡⵉⵔ	Start by, pass first
ⵙⵙⵉⵣⵡⵉⵖ	make blush, make red
ⵙⵙⵉⵥⴹⵓⵢ	to become heavier
ⵙⵙⵉⵥⵉⵍ	make good, soften, embellish
ⵙⵙⵉⵥⵉⵕ	theorize
ⵙⵙⵊⴰⵍ	put on a fallow
ⵙⵙⵍⴰⵡ	Faner, withered (plant)
ⵙⵙⵍⴼ	touch, caress
ⵙⵙⵍⴽⵎ	to send
ⵙⵙⵍⴽⵓ	despise, depreciate
ⵙⵙⵍⵀⵓ	occupy, distract
ⵙⵙⵍⵉ	ferment
ⵙⵙⵍⵉ	toast, roast
ⵙⵙⵍⵎⴷ	Teach, teach someone
ⵙⵙⵍⵓⵢ	ruminate
ⵙⵙⵍⵖⴷ	accept the intercession of
ⵙⵙⵍⵖⵊ	Make it swallow, give food (péj.)
ⵙⵙⵍⵖⵙ	hide
ⵙⵙⵍⵙ	dress, dress
ⵙⵙⵍⵡⵉⵖ	make fun, polish
ⵙⵙⵍⵡⵉⵖ	soften, make you soften, soften
ⵙⵙⵍⵡⵙ	disenchant
ⵙⵙⵎ	light up
ⵙⵙⵎⴳⵯⵔ	drape, cover, wrap
ⵙⵙⵎⴷⴻⴷ	to get angry
ⵙⵙⵎⴷⵉ	to meet
ⵙⵙⵎⴷⵓ	use
ⵙⵙⵎⴹⵉ	Start ripening (fruit)
ⵙⵙⵎⴹⵉ	to taste, to taste
ⵙⵙⵎⴻⵎ	be sour, harsh, acid
ⵙⵙⵎⵍⵉⵍ	whiten
ⵙⵙⵎⵏⵄ	deliver, have escape
ⵙⵙⵎⵏⵉⴷ	show up
ⵙⵙⵎⵓⵎ	Make sour, acidify
ⵙⵙⵎⵓⵔ	finish
ⵙⵙⵎⵔⵙ	use, exploit
ⵙⵙⵎⵔⵡ	Give 1/10 of what we have in alms
ⵙⵙⵎⵖⵉ	germinate
ⵙⵙⵎⵖⵔ	enlarge
ⵙⵙⵎⵖⵔ	raise, educate
ⵙⵙⵎⵖⵔ	venerate
ⵙⵙⵎⵙⴰⵙⴰ	equalize, level
ⵙⵙⵎⵙⴰⵙⴰ	fit out (neo.)
ⵙⵙⵎⵙⴰⵙⴰ	reconcile
ⵙⵙⵎⵙⴷ	sharpen
ⵙⵙⵎⵙⵓⵙ	make insipid, bland
ⵙⵙⵎⵜⵔ	indicate
ⵙⵙⵎⵢⵓⵔ	get used to
ⵙⵙⵎⵥⵉ	Rapotes, reduce
ⵙⵙⵏ	Knowing, knowing
ⵙⵙⵏⴳⴹ	Dive (tr.), Soak
ⵙⵙⵏⴳⴼ	accompany the bride
ⵙⵙⵏⴳⵉ	run
ⵙⵙⵏⴳⵉⵍ	Down (tr.), make black
ⵙⵙⵏⴷ	Baratter, beat the milk
ⵙⵙⵏⴷⴼ	Make it painful, sore
ⵙⵙⵏⴷⵉ	value
ⵙⵙⵏⴷⵎ	regret
ⵙⵙⵏⴷⵓ	Beat milk, Baratter
ⵙⵙⵏⴹⵓ	blow
ⵙⵙⵏⴼⵉ	hide, hide
ⵙⵙⵏⴼⵍ	change (tr.), transform
ⵙⵙⵏⴼⵙ	sprinkle up, sprinkle
ⵙⵙⵏⴽⴷ	to present
ⵙⵙⵏⴽⵔ	be erect
ⵙⵙⵏⴽⵔ	wake up
ⵙⵙⵏⵉ	dinner
ⵙⵙⵏⵉ	go up (frame)
ⵙⵙⵏⵊⵎ	deliver, save
ⵙⵙⵏⵓ	bake
ⵙⵙⵏⵔⵓ	triumph
ⵙⵙⵏⵖ	tire, to to to (tr.), cause inconveniences
ⵙⵙⵏⵖⴷ	crush, spray
ⵙⵙⵏⵖⵍ	to copy
ⵙⵙⵏⵙ	get overnight
ⵙⵙⵏⵙ	giving hospitality
ⵙⵙⵏⵙ	switch off
ⵙⵙⵏⵙⵢ	get used to
ⵙⵙⵏⵚⴹ	Spring, get expelled (material)
ⵙⵙⵏⵛⴼ	plucker, tear off (hairs, hair)
ⵙⵙⵏⵛⵡ	deploy
ⵙⵙⵏⵜ	begin
ⵙⵙⵏⵜⵍ	Hide, hide, shelter
ⵙⵙⵏⵜⵎ	document
ⵙⵙⵏⵜⵓⵜⵔ	burn
ⵙⵙⵏⵜⵓⵜⵔ	overwhelm
ⵙⵙⵏⵜⵜⴳ	sauté, make jump
ⵙⵙⵏⵢⵓⴷⴷⵓ	circulate
ⵙⵙⵏⵢⵓⴷⴷⵓ	propagate
ⵙⵙⵏⵥⵓ	drop
ⵙⵙⵏⵥⵓ	argue
ⵙⵙⵓ	irrigate, water
ⵙⵙⵓ	make someone drink
ⵙⵙⵓ	mark
ⵙⵙⵓ	extend, arrange on the ground
ⵙⵙⵓⴳⵓ	empty
ⵙⵙⵓⴳⵓⵔ	Administer, manage
ⵙⵙⵓⴳⵓⵔ	drive, walk
ⵙⵙⵓⴳⵔ (ⵉ)	be able to provide help
ⵙⵙⵓⴳⵜ	Multiply, make many
ⵙⵙⵓⴳⵣ	Save, record in writing
ⵙⵙⵓⴳⵣ	lower
ⵙⵙⵓⴷⴷⴰ	lighten
ⵙⵙⵓⴷⴻⴷ	formalize
ⵙⵙⵓⴷⵍ	prevent the kid from suckling
ⵙⵙⵓⴷⵎ	embrace
ⵙⵙⵓⴷⵓ	Raise a frame, get on board, take a means of transport
ⵙⵙⵓⴷⵓ	make you go, make it work, go
ⵙⵙⵓⴷⵙ	arrange
ⵙⵙⵓⴹⴻⴹ	breast-feed
ⵙⵙⵓⴹⵚ	sleep someone, sleep, pamper
ⵙⵙⵓⴼⴰ	shine (sun)
ⵙⵙⵓⴼⴷ	to borrow
ⵙⵙⵓⴼⵓ	surplus
ⵙⵙⵓⴼⵔⵉ	notify, raise awareness
ⵙⵙⵓⴼⵖ	get out, expel
ⵙⵙⵓⴼⵖ	hatch (vegetation)
ⵙⵙⵓⴼⵖ	solve
ⵙⵙⵓⴼⵖ	swarm
ⵙⵙⵓⴼⵖ	Drive (neo. Gram)
ⵙⵙⵓⴼⵖ	edit
ⵙⵙⵓⴼⵖ	having assimilated the Koran in its entirety
ⵙⵙⵓⴼⵙ	spit
ⵙⵙⵓⴽⴼ	tear off
ⵙⵙⵓⴽⵏ	Restore, repair
ⵙⵙⵓⴽⵙ	sprinkle
ⵙⵙⵓⵃⵍ	tire someone
ⵙⵙⵓⵃⵔⵜ	Haleter, run out of steam
ⵙⵙⵓⵊⴷ	prepare
ⵙⵙⵓⵊⵢ	Heal (tr.)
ⵙⵙⵓⵍⴱⵓ	luggish
ⵙⵙⵓⵍⴼ	photograph
ⵙⵙⵓⵍⵍⵙ	To darken, become dark, darken
ⵙⵙⵓⵍⵖ	irrigate land before cultivating it, distress
ⵙⵙⵓⵎⵎ	absorb
ⵙⵙⵓⵎⵎ	strive
ⵙⵙⵓⵎⵎ	suck
ⵙⵙⵓⵎⵓ	Include, involve
ⵙⵙⵓⵎⵔ	make happy
ⵙⵙⵓⵎⵔ (-ⵅⴼ)	to propose
ⵙⵙⵓⵎⵖ	wet, moisten, soak
ⵙⵙⵓⵏⴹ	rejoice at the misfortune of others
ⵙⵙⵓⵏⴼⵙ	sprinkle up, sprinkle
ⵙⵙⵓⵏⵏⴹ	surround
ⵙⵙⵓⵏⵖ	Draw, decorate
ⵙⵙⵓⵏⵖ	color
ⵙⵙⵓⵏⵛⴽ	give shape, prepare
ⵙⵙⵓⵏⵛⵜ	give shape, prepare
ⵙⵙⵓⵔ	Mix, be mixed
ⵙⵙⵓⵔ	be shared
ⵙⵙⵓⵔⴳ	to allow
ⵙⵙⵓⵔⴳⵓ	to lower
ⵙⵙⵓⵔⴼ	climb over
ⵙⵙⵓⵔⴼ	excuse, forgive (neo.)
ⵙⵙⵓⵔⵃ	coat, apply
ⵙⵙⵓⵔⵃ	to put on makeup
ⵙⵙⵓⵔⵜ	split
ⵙⵙⵓⵖⵍ	translate
ⵙⵙⵓⵖⵏ	to commit
ⵙⵙⵓⵙⵎ	have the pleasure of
ⵙⵙⵓⵙⵏ	make known, advertise
ⵙⵙⵓⵙⵖ	be transparent
ⵙⵙⵓⵙⵖ	become dry, skinny
ⵙⵙⵓⵛⴹ	slide
ⵙⵙⵓⵛⴽⵜ	sigh in a repetitive way
ⵙⵙⵓⵜⴳ	value
ⵙⵙⵓⵜⴼ	spit
ⵙⵙⵓⵜⵉ	Surround, supervise (put a frame)
ⵙⵙⵓⵜⵍ	surround
ⵙⵙⵓⵜⵍ	turn
ⵙⵙⵓⵜⵔ	ask
ⵙⵙⵓⵜⵔ	beg
ⵙⵙⵓⵜⵔ	prayer
ⵙⵙⵓⵜⵔ	to propose
ⵙⵙⵓⵜⵛ	to feed
ⵙⵙⵓⵟⵟⴹ	breastfeeding
ⵙⵙⵓⵢⵙ	ATERMOYER, delay
ⵙⵙⵓⵢⵙ	act with diplomacy
ⵙⵙⵓⵢⵙ	sprinkle
ⵙⵙⵔ	be pierced
ⵙⵙⵔ	scratch, block
ⵙⵙⵔ	to cancel
ⵙⵙⵔⴱⵃ	make prosper, save
ⵙⵙⵔⴱⵓ	put on the back
ⵙⵙⵔⴳⵉⴳⵉ	shake, scare
ⵙⵙⵔⴳⵯⵙ	to hide
ⵙⵙⵔⴷⵃ	bake
ⵙⵙⵔⴷⵃ	prepare
ⵙⵙⵔⴷⵃ	dancing
ⵙⵙⵔⴼ	comb
ⵙⵙⵔⴼ	comb, comb
ⵙⵙⵔⴼ	embellish
ⵙⵙⵔⴼ	User, age (tr.)
ⵙⵙⵔⴼⵓ	enable
ⵙⵙⵔⴽⵎ	spoil
ⵙⵙⵔⴽⵎ	to boil
ⵙⵙⵔⴽⵓ	dirty
ⵙⵙⵔⴽⵓ	use
ⵙⵙⵔⴽⵙ	to hide
ⵙⵙⵔⴽⵙ	to mix together
ⵙⵙⵔⵇⴱ	encourage
ⵙⵙⵔⵇⴱ	to be brave
ⵙⵙⵔⵎⵙ	chew
ⵙⵙⵔⵓ	make cry
ⵙⵙⵔⵖ	heat
ⵙⵙⵔⵖ	to light up
ⵙⵙⵔⵖⵓⴷ	Congratulate, present your wishes
ⵙⵙⵔⵛⵓ	make rotten, vermoulu
ⵙⵙⵔⵡⵍ	exile
ⵙⵙⵔⵡⵍ	scare
ⵙⵙⵔⵡⵜ	detect
ⵙⵙⵕⴹⵓ	satisfy, satisfy
ⵙⵙⵕⴽⴹ	dancing
ⵙⵙⵕⴽⵥ	disturb
ⵙⵙⵕⴽⵥ	to disrupt
ⵙⵙⵕⵃⵍ	To decampe, to move
ⵙⵙⵕⵉⵥ	disturb the water
ⵙⵙⵕⵎⴹ	disturb the water
ⵙⵙⵕⵎⵉ	tire
ⵙⵙⵕⵓ	scare
ⵙⵙⵕⵓⵃ	get in the evening
ⵙⵙⵕⵓⵃ	get overnight
ⵙⵙⵕⵚⵓ	anchor
ⵙⵙⵕⵚⵓⴹ	spoil
ⵙⵙⵕⵡⵓ	perfect, make good, affable, kind
ⵙⵙⵕⵥⴳ	make bitter, acre
ⵙⵙⵖ	shine, sparkle
ⵙⵙⵖⴱⵓ	deepen
ⵙⵙⵖⴷ	to listen
ⵙⵙⵖⴷ	to shut up
ⵙⵙⵖⵍⵉ	bring up
ⵙⵙⵖⵍⵉ	swallow
ⵙⵙⵖⵍⵓ	make expensive, add
ⵙⵙⵖⵍⵓ	sell expensive
ⵙⵙⵖⵎⵉ	germinate
ⵙⵙⵖⵎⵔ	lean on the elbow
ⵙⵙⵖⵏⴰ	start
ⵙⵙⵖⵓⴼ	suffocate (tr.), suffocate (tr.)
ⵙⵙⵖⵓⵙ	Clean, make clean
ⵙⵙⵖⵓⵙ	burn
ⵙⵙⵖⵔ	Teach, have read, educate
ⵙⵙⵖⵔⵉ	To abort, to cause a miscarriage
ⵙⵙⵖⵔⵛ	slash with a stick
ⵙⵙⵖⵣⴷ	rot, let it rot
ⵙⵙⵖⵣⵉⴼ	lengthen
ⵙⵙⵛⵏⴰ	embellish, make good, beautiful
ⵙⵙⵛⵡⵓ	Sharp, affiliate, make pointed
ⵙⵙⵛⵡⵓ	make good
ⵙⵙⵟⵚ	amuse
ⵙⵙⵡ	water, water
ⵙⵙⵡⴼ	make
ⵙⵙⵡⵀⵏ	facilitate, simplify
ⵙⵙⵡⵉ	dock
ⵙⵙⵡⵓ	Make drinking, irrigate
ⵙⵙⵡⵔⵖ	yellow
ⵙⵙⵡⵙⵔ	age (tr.)
ⵙⵙⵣⴷⵖ	accommodate, shelter
ⵙⵙⵣⵡⵓ	to dry
ⵙⵛⵍⵓⵍⴼ	make soft to the touch
ⵙⵛⵛ	to feed
ⵙⵜⴰⵔ	to mix together
ⵙⵜⴰⵔⴰ	Walking, walking
ⵙⵜⴰⵔⴰ	cross, browse
ⵙⵜⴼ	extract
ⵙⵜⵅⵜⵅ	boil
ⵙⵜⵅⵜⵅ	cook up
ⵙⵜⵉ	Sort, choose, select, filter
ⵙⵜⵉ	vote (neo.)
ⵙⵜⵉⵍ	be heavy, heavy
ⵙⵜⵍ	assess, assess
ⵙⵜⵍ	sulfur
ⵙⵜⵏ	keep, monitor, protect
ⵙⵜⵏ	to bark
ⵙⵜⵓⵙⵎ	to shut up
ⵙⵜⵓⵜⵍⵉ	pronounce
ⵙⵜⵓⵜⵜⵉ	drop
ⵙⵜⵔⴼⵛ	To grope
ⵙⵜⵔⵜⵔ	boil, bubble
ⵙⵜⵔⵜⵔ	growl, muggish
ⵙⵜⵖ	crack
ⵙⵜⵖ	explode, burst
ⵙⵜⵖ	repress
ⵙⵜⵖⴼⵔ	implore divine forgiveness
ⵙⵜⵜⴼ	put away, put order
ⵙⵜⵜⵃ	be silent, stay quiet
ⵙⵜⵜⵉ	ooze
ⵙⵜⵜⵓⵔⵙ	hurt
ⵙⵜⵜⵖⵉ	get used to
ⵙⵜⵜⵖⵉ	to stare
ⵙⵜⵜⵙ	shake
ⵙⵜⵡⵓ	flatten, upgrade
ⵙⵟⵉⵇⵇⵚ	burst, explode
ⵙⵟⵕⵕⵃ	abundant
ⵙⵟⵟⵃ	break, destroy
ⵙⵟⵟⵓⴼⵉ	Dress (ears)
ⵙⵟⵟⵓⴼⵉ	Inflect (nostrils)
ⵙⵟⵟⵓⵕⴼ	put out, dismiss
ⵙⵟⵟⵓⵕⵉ	deafen, dumbfounded
ⵙⵟⵡⵟⵄ	to resign
ⵙⵡⴰ	Valit, cost
ⵙⵡⴰ	be equal to
ⵙⵡⴰⴷⵙ	to manage
ⵙⵡⴰⵍⴰ	oriented towards
ⵙⵡⴰⵍⴰ	place next to
ⵙⵡⵉⵊⵊⴳ	to bloom
ⵙⵡⵉⵏⴳⵎ	think, think
ⵙⵡⵉⵥⵥⴹ	tender
ⵙⵡⵓⵔⵉ	work
ⵙⵡⵓⵜⵜⵓ	be adjoining
ⵙⵡⵓⵜⵜⵓ	delimit, determine
ⵙⵡⵓⵜⵜⵙ	target
ⵙⵡⵔ	set off
ⵙⵡⵔ	squeeze
ⵙⵡⵖ	graze
ⵙⵡⵜ	to provoke
ⵙⵡⵡⴽ	Apply the nuts on the gum
ⵙⵡⵡⵇ	to the market
ⵙⵢⴰⴳⵙ	hurt
ⵙⵢⴰⴼⴰ	feel, feel
ⵙⵢⴰⴼⵓ	produce
ⵙⵢⴰⴼⵓ	to exploit
ⵙⵢⵉⵔⵜ	exhaust the provisions in grain
ⵙⵢⵉⵔⵜ	missing something
ⵙⵢⵉⵡⵏ	satisfied
ⵙⵢⵉⵡⵏ	satisfy
ⵙⵢⵢⵃ	puff
ⵙⵢⵢⵇ	Wash the flowerbed in large water
ⵙⵢⵢⵙ	to dance
ⵙⵢⵢⵙ	spare (treat with management)
ⵙⵣⴳⵣⵡ	green (tr.)
ⵚⴰⴱ	produce a good harvest
ⵚⴰⵃⴰ	benefit
ⵚⴱⵃ	to be beautiful
ⵚⴱⵕ	support, wait
ⵚⴼⵓ	be pure, clean, become clean
ⵚⴽⵓ	build, build
ⵚⴽⵓ	found
ⵚⵎⵎⵕ	nail, ferrer, hammer
ⵚⵎⵎⵕ	shift
ⵚⵎⵎⵟ	take place (péj.)
ⵚⵏⵏⴻⵏ	sweat
ⵚⵓⵕ	gather a herd
ⵚⵓⵕ	discover
ⵚⵓⵕ	fall on
ⵚⵓⵕ	unexpectedly find
ⵚⵓⵕⴼ	take a step, step back
ⵚⵕⴱ	Be turbulent, prank (child)
ⵚⵕⴼ	send
ⵚⵕⵕⴼ	change money
ⵚⵡⴹ	look, see, see
ⵚⵢⵢⴼ	glean (cereals or legumes)
ⵚⵢⵢⴼ	harvest (in summer)
ⵚⵢⵢⵕ	screech
ⵛⴰⴱⴱⴰ	rummage, seek, be looking for
ⵛⴰⵃ	to be as hungry as a wolf
ⵛⴰⵍⴰ	strut, be proud
ⵛⴰⵛⴰ	hunt
ⵛⴰⵛⴰ	carefully use
ⵛⴰⵟⵕ	be awake, skillful
ⵛⴱⴱⵕ	hang, cling, clinging
ⵛⴱⴱⵕ	hold, take, catch
ⵛⴱⴱⵛ	tangle, intersect
ⵛⴱⵃ	Ratatinate, curl up
ⵛⴱⵃ	Stay in place, don't move
ⵛⴱⵍⵇ	Become flange, wrinkled (person, beast)
ⵛⴱⵛⴱ	go
ⵛⴳⴳⵄ	eat with satiety
ⵛⴳⵔⵎⵛ	Fire (rifle)
ⵛⴹⵃ	to dance
ⵛⴹⵏ	be busy
ⵛⴼⴼⴷ	cauterize
ⵛⴼⵍ	climb
ⵛⴽⴽⵍ	Make an animal
ⵛⴽⴽⵍ	Taillader, pierce stabbing
ⵛⴽⴽⵎ	denounce, drip
ⵛⴽⴽⵓ	to fear
ⵛⴽⵓ	lose
ⵛⵀⴷ	Make the Muslim profession of faith
ⵛⵀⵎ	disgust
ⵛⵃⴹ	castigate
ⵛⵃⴹ	go through
ⵛⵃⴹ	throw yourself on, go for it on (bird)
ⵛⵃⵃⵕ	Infuse (tea, infusion)
ⵛⵃⵃⵕ	Refine, purify (a metal)
ⵛⵃⵍⴼ	Pick up the trees bark
ⵛⵄⴹ	whisk, hit at a timely
ⵛⵄⴼ	Do not recur, no longer dare
ⵛⵄⵛⵄ	get away
ⵛⵄⵛⵄ	shine
ⵛⵅⵛⵅ	smash
ⵛⵇⴰ	concern, interest
ⵛⵇⴼ	break, smash
ⵛⵇⵇⵍ	tackle, pity
ⵛⵇⵇⵓ	be hard, being painful, being difficult
ⵛⵉⴹ	be staying
ⵛⵉⵔⵔⵓ	have goosebumps
ⵛⵉⵔⵔⵓ	have wrinkled skin
ⵛⵉⵛⵍ	detect
ⵛⵍⴽⴻⴽ	to lose weight
ⵛⵍⵇ	eager
ⵛⵍⵇⵎ	have a large lower jaw
ⵛⵍⵍⵉⵍ	rinse
ⵛⵍⵓⵍⴼ	be smooth
ⵛⵍⵡⵛ	charlatanism
ⵛⵍⵢ	visit
ⵛⵎⵅ	be abundant
ⵛⵎⵉⵎⵎⵔ	whine
ⵛⵎⵍⴻⵍ	be white
ⵛⵎⵎⵅ	soak
ⵛⵏ	to be beautiful
ⵛⵏⴷⵓⴼⵛⵓ	shake
ⵛⵏⵄ	be famous, famous
ⵛⵏⵇⴱ	be pointed, cutting edge (broken object)
ⵛⵏⵏⴹ	grab
ⵛⵏⵏⵄ	rent, glorify
ⵛⵓⴱⴱⵓ	to frisk
ⵛⵓⴱⴱⵛ	to fight
ⵛⵓⴷⴷⵓ	investigate
ⵛⵓⴽⴽ	prick (with a pin, a needle)
ⵛⵓⵅⵔⵜ	snoring (sleeping)
ⵛⵓⵛ	look for
ⵛⵓⵛⴷ	blame
ⵛⵓⵛⵛⴼ	swim
ⵛⵓⵜⵜⴼ	yell
ⵛⵔⴷⵖ	tab (fabric)
ⵛⵔⴽ	associate
ⵛⵔⵇ	Detach, break, break
ⵛⵔⵔⴱ	to sing
ⵛⵔⵔⴳ	rip
ⵛⵔⵔⵓ	Argue
ⵛⵔⵔⵓ	go to war
ⵛⵕⴹ	pose conditions
ⵛⵕⵕⵓ	be brave
ⵛⵕⵛⵕ	flow freely
ⵛⵕⵡⴹ	tab (fabric)
ⵛⵖⵓⵔⵛ	slash with a stick
ⵛⵛ	to eat
ⵛⵛⴰⵔ	to mix together
ⵛⵛⴰⵕ	defile
ⵛⵛⴰⵕ	to be full
ⵛⵛⴰⵕ	to fill
ⵛⵛⴹ	slide
ⵛⵛⴼ	to swim
ⵛⵛⴼ	approach
ⵛⵛⵃ	to pout
ⵛⵜⴼ	Dry (intr.)
ⵛⵜⴼ	feet
ⵛⵜⵜⴼ	blame
ⵛⵜⵜⵃ	lie
ⵛⵟⵉⴱⴱⵉ	dabble
ⵛⵟⵟ	exceed, exceed
ⵛⵟⵟⵕ	be crafty
ⵛⵡⵃ	suddenly die
ⵛⵡⵃ	to dry
ⵛⵡⵉⵡⵉ	shine
ⵛⵡⵓ	be good, beautiful
ⵛⵡⵓ	be sharp, be smart, be sharp
ⵛⵡⵓ	to be awake, to be intelligent, to be insightful
ⵛⵡⵔⵇ	be blonde
ⵛⵡⵡⵍ	cut the ears
ⵛⵡⵡⵍ	work as a reaper
ⵛⵡⵡⵕ	decline (day)
ⵛⵡⵡⵕ	wait, be careful
ⵛⵡⵡⵕ	be charming
ⵛⵢⵢⵏ	Enlaid, beyond
ⵜⴰⵀⵍ	to marry
ⵜⴰⵎ	expect
ⵜⴰⵎⵔ	Pain, trime
ⵜⴰⵡⴰ	conciliate
ⵜⴰⵡⴰ	flatten, level (land)
ⵜⴼⵜⴼ	blind
ⵜⴼⵜⴼ	grop
ⵜⴼⵜⵇ	inspect
ⵜⴼⵜⵇ	look for
ⵜⵀⵍⵍⴰ	take care of
ⵜⵉⵀⵍ	to marry
ⵜⵉⵡⴳ	wander
ⵜⵍⴼ	be mistaken
ⵜⵍⴼ	to get lost
ⵜⵍⵄ	run off
ⵜⵍⵓⵍⴽ	go slowly and silently
ⵜⵍⵜⵍ	wrap up
ⵜⵎⵔ	become big, become ripe
ⵜⵎⵜⵎ	whisper
ⵜⵓⴱ	to repent
ⵜⵓⵜⵜⵉⵢ	collapse
ⵜⵓⵜⵜⵉⵢ	to fall
ⵜⵔⴱ	expel, hunt
ⵜⵔⴳ	become pubescent
ⵜⵔⵃ	expel, hunt
ⵜⵔⵓⵔ	be new
ⵜⵔⵔⴼ	Being a teenager, arriving at puberty, growing up
ⵜⵔⵔⴼ	hunt, expel
ⵜⵔⵔⵄ	open up
ⵜⵜⵍ	Wrap, wrap, swaddle
ⵜⵜⵍⵉ	wander, wander
ⵜⵜⵓ	to forget
ⵜⵜⵓⵏ	to push
ⵜⵜⵓⵔⵙ	be injured, injured
ⵜⵜⵓⵛ	look for
ⵜⵜⵛ	to eat
ⵜⵜⵢ	Turn, turn around, go around
ⵜⵜⵢⴰⵇⵏ	prepare
ⵜⵡⵡⵃ	go away very far, leave
ⵜⵡⵡⵃ	leave (péj.), leave (péj.)
ⵟⵇⵟⵇ	crack, crackle
ⵟⵍⵍⵚ	dirty, get dirty, coat
ⵟⵏⵏⵛ	be erect (ears)
ⵟⵏⵥ	mock
ⵟⵟⴰⵚ	to touch
ⵟⵟⴹ	suck
ⵟⵟⴹ	suckle
ⵟⵟⴼ	Take, hold, seize, hold back
ⵟⵟⴼ	have, possess
ⵟⵟⵉⵇⵚ	explode
ⵟⵟⵓⵕⵕⴳ	dumbfounded
ⵟⵟⵚ	sleep
ⵡⴰⴷⵙ	head toward
ⵡⴰⵊⴱ	answer
ⵡⴰⵍⴰ	bewilder
ⵡⴰⵍⴰ	See, see
ⵡⴰⵔⴳⴰ	dream
ⵡⴰⵖ	bleat
ⵡⴳⴳⴹ	vigilant
ⵡⴳⵡⴹ	trample
ⵡⴷⴷⴽ	grimy
ⵡⴷⵓ	suffice
ⵡⴹⴰ	to fall
ⵡⴹⴹⵕ	Entrint, get lost, lose, get lost
ⵡⴹⴹⵕ	to forget
ⵡⴽⴽⵍ	Give proxy, mandate
ⵡⵀⵏ	be easy
ⵡⵄⴷ	resort to, rely on
ⵡⵄⵕ	be difficult
ⵡⵇⵇⵃ	warm up
ⵡⵇⵇⵔ	respect
ⵡⵉⵏⵖ	have a sunny eyes
ⵡⵊⴷ	be ready, prepared
ⵡⵊⵡⵊ	Crown (ears), emit parasitic noises
ⵡⵍⴻⵍⵍⵖ	walk slowly
ⵡⵍⵉⵡⵍ	swing
ⵡⵍⵍⵀ	come back
ⵡⵍⵍⵊ	depend on, be at the mercy of
ⵡⵍⵍⵓ	fall, fall
ⵡⵏⵏⵙ	keep company
ⵡⵏⵓⵍ	Release your attention, be distracted, be unexpected
ⵡⵔ	Stabilize, stay quiet
ⵡⵔⴷ	offer a gift
ⵡⵔⵉⵖ	be pale, chatter
ⵡⵔⵉⵖ	yellow
ⵡⵔⵉⵡⵔ	be chassieux
ⵡⵔⵔⵄ	expand
ⵡⵙⵇ	load a boat
ⵡⵙⵉⵔ	Aging, being old
ⵡⵚⵚⴰ	advise
ⵡⵚⵚⴰ	recommend
ⵡⵚⵚⴳ	shine, shine, shine
ⵡⵛⵛⵀ	to boast
ⵡⵛⵡⵛ	whisper
ⵡⵡⵜ	fall (rain)
ⵡⵡⵜ	to hit
ⵡⵣⵡⵣ	ignite, irritate (skin)
ⵡⵣⵣⵄ	contribute to the acquisition of a butchery beast to share the meat
ⵡⵣⵣⵄ	distribute
ⵣⴰⵡⵔ	reproach, blame
ⵣⴰⵣⵔ	produce abundantly (speaking of a fruit tree)
ⵣⴱⵓⴱⵉ	Play the flute, flute
ⵣⴳ	bend
ⵣⴳⴰ	last, be eternal
ⵣⴳⴰ	stop, stop
ⵣⴳⴳⴰ	Shout, make noise
ⵣⴳⴳⵔ	lure, deceive, embellish
ⵣⴳⴼ	swallow (liquid)
ⵣⴳⵍ	miss, miss, make a mistake
ⵣⴳⵏ	wrap up
ⵣⴳⵓ	Stop, fix straight
ⵣⴳⵓ	calm down, stay quiet
ⵣⴳⵓⵔ	be ahead
ⵣⴳⵔ	to cross
ⵣⴳⵔⵜ	be long, long
ⵣⴷ	measure
ⵣⴷ	weigh
ⵣⴷⵃ	break down violently
ⵣⴷⵉ	Attach, attach, bind
ⵣⴷⵉ	to coordinate
ⵣⴷⵉⴷⵉ	pound
ⵣⴷⵎ	picking up firewood
ⵣⴷⵓ	open
ⵣⴷⵔ	Lower, be low
ⵣⴷⵖ	live, accommodate, occupy
ⵣⴷⵖ	remain
ⵣⴼⴼ	go, go fast
ⵣⴼⴼⵜ	tar
ⵣⴼⵣⴼ	buzz
ⵣⴽⴼ	Hume, swallow a liquid by removing your breath
ⵣⴽⴼ	sip
ⵣⴽⴽⵎ	stay without moving
ⵣⵀⵎ	be able
ⵣⵀⵎ	be ugly
ⵣⵀⵔ	roar (lion)
ⵣⵀⵔ	speak loudly
ⵣⵀⵣⴰ	atermoyer
ⵣⵀⵣⴰ	hesitate
ⵣⵃⵍ	crawl, approach by crawling
ⵣⵃⵡⵍ	Save, being suffering from strabismus
ⵣⵄⴼ	be angry
ⵣⵄⴼ	to bite
ⵣⵄⵍⵓⵍⵍⴼ	swallow
ⵣⵄⵎ	get stuck, be bold
ⵣⵄⵡⴹ	frolic
ⵣⵄⵣⵎ	ward off demons
ⵣⵄⵣⵎ	engrave
ⵣⵇⵇⵎ	talk
ⵣⵉⴳⵣⵍ	shorten
ⵣⵉⵍⵉⵍ	light up
ⵣⵉⵎ	roar (lion)
ⵣⵉⵎ	speak loudly
ⵣⵉⵡⵍ	Save, being suffering from strabismus
ⵣⵉⵣⴷⵔ	dilute
ⵣⵉⵣⴷⵔ	to lower
ⵣⵉⵣⵏ	heat
ⵣⵉⵣⵓ	green
ⵣⵉⵣⵣ	leaning, bowing, being bent by age
ⵣⵉⵣⵣⵍ	cum
ⵣⵉⵣⵣⵍ	run
ⵣⵉⵣⵣⵍ	run, accelerate
ⵣⵍ	get lost, get lost
ⵣⵍ	lose
ⵣⵍⴳ	twist
ⵣⵍⴼ	flare
ⵣⵍⴼ	swarm
ⵣⵍⵉ	throw, throw away
ⵣⵍⵍⴼ	spy (intr.), go up in ears (wheat or barley)
ⵣⵍⵍⵄ	spread, disperse, scatter, overturn
ⵣⵍⵎ	to notice
ⵣⵍⵎ	peel
ⵣⵍⵓ	Sulf an animal
ⵣⵍⵖ	misguide
ⵣⵍⵖ	train in his fall, take away
ⵣⵍⵣ	Dust, shake (tree, carpet, cloth)
ⵣⵎⵎⴻⵎ	Save, note, register, register
ⵣⵎⵓⵎⵎⴳ	smile
ⵣⵎⵓⵏⵏⵣ	prowl
ⵣⵎⵔ	power, be able to
ⵣⵏⴷⵔ	Fill completely (a container)
ⵣⵏⵉⵏⴳ	smile
ⵣⵏⵊⵔ	rust, oxidize
ⵣⵏⵏⴳ	graze
ⵣⵏⵏⴷ	beat the lighter, light up
ⵣⵏⵏⴷ	stir up
ⵣⵏⵏⴷ	eat with satiety
ⵣⵏⵏⴷ	spur
ⵣⵏⵏⵎⵣⵍ	compare
ⵣⵏⵏⵣⵉ	cross
ⵣⵏⵓⵏⵓ	be burned, feel the burned (cooking)
ⵣⵏⵣⵏ	buzz, tinter
ⵣⵓ	to bark
ⵣⵓⴳ	be banned
ⵣⵓⴳ	go into exile, take refuge, emigrate
ⵣⵓⵍⵉ	be fine and straight
ⵣⵓⵏⴳⵉ	cow
ⵣⵓⵏⵣⵍ	sunny
ⵣⵓⵏⵣⵓ	to do
ⵣⵓⵣ	shake
ⵣⵓⵣⵏ	Divide a square in square
ⵣⵓⵣⵡⵓ	be fresh (climate), take the fresh
ⵣⵓⵣⵣⴼ	shock what covers, discover, reveal
ⵣⵓⵣⵣⵔ	Disseminate (neo.)
ⵣⵓⵣⵣⵔ	lower
ⵣⵓⵣⵣⵔ	praise
ⵣⵓⵥⵥⵕ	flow out
ⵣⵔⴱ	Press yourself, to hasten, to do quickly, to be in a hurry
ⵣⵔⴽ	respect
ⵣⵔⵉ	go through
ⵣⵔⵉ	leave
ⵣⵔⵉⵔ	become liquid, melt, sink
ⵣⵔⵉⵔⴳ	to be single
ⵣⵔⵉⵔⵉ	underline (draw a line)
ⵣⵔⵎ	strip
ⵣⵔⵓ	pour out
ⵣⵔⵓⵔⴼ	be a lean, bone
ⵣⵔⵓⵣⵣⵖ	disperse
ⵣⵔⵔⴷ	Banner, festy
ⵣⵔⵔⴷ	eat one's fill
ⵣⵔⵔⴷ	feast on
ⵣⵔⵔⴼ	rocker, sabotage, beer
ⵣⵔⵣⵔ	grind
ⵣⵔⵣⵖ	grind
ⵣⵖⴱ	stupefy, stupefy (s)
ⵣⵡⴰ	experience or cause stomach pain to the point of being breathless
ⵣⵡⵃ	quickly
ⵣⵡⵉ	praise
ⵣⵡⵉⵏⴻⵏ	Growing (door)
ⵣⵡⵉⵏⴻⵏ	murmur confusedly, mumble
ⵣⵡⵉⵣⵣⵉ	have chills
ⵣⵡⵓ	dry
ⵣⵡⵓⵔ	precede, to be the first, to be ahead
ⵣⵡⵡⴼ	Fall down, go down in vertically
ⵣⵢⵢⴼ	wipe (dishes)
ⵣⵢⵢⵏ	circumcise
ⵣⵢⵢⵏ	embellish
ⵣⵣⴰⵏⵣⵓ	Tumbled (tr.)
ⵣⵣⴱⵔⵣ	make fun, ridiculize
ⵣⵣⴱⵔⵣ	yell
ⵣⵣⴱⵣⴳ	swell
ⵣⵣⴱⵣⴳ	wet, moistened, imbiber
ⵣⵣⴳⵓ	to stare
ⵣⵣⴳⵔ	cross
ⵣⵣⴳⵔ	execute
ⵣⵣⴳⵔⵜ	lengthen, make long
ⵣⵣⴳⵥⵏ	to trust
ⵣⵣⴼ	be naked
ⵣⵣⴼ	lose color (fabric)
ⵣⵣⵉ	experiment
ⵣⵣⵉ	pioneer
ⵣⵣⵉⴽⵔⴻⵔ	drag on the floor
ⵣⵣⵉⵍⵍⵣ	tackle, pity
ⵣⵣⵉⵎⵔ	tension
ⵣⵣⵉⵔⵓ	work
ⵣⵣⵉⵡⵣ	to bother
ⵣⵣⵉⵡⵣ	watch
ⵣⵣⵉⵣ	Share, bend
ⵣⵣⵍ	pay
ⵣⵣⵍ	oppose
ⵣⵣⵏⵊⵕ	rust
ⵣⵣⵏⵜⵔ	be very swollen, swollen
ⵣⵣⵏⵣ	sale
ⵣⵣⵏⵣⵉ	go out early, get out early
ⵣⵣⵓ	Grill
ⵣⵣⵓ ⴷ	be new
ⵣⵣⵓⴳ	ban, exile
ⵣⵣⵓⴳⵣ	descend (tr.), lower, bring down
ⵣⵣⵓⴼⴼ	attack (brutally a prey)
ⵣⵣⵓⴽⴽⵎ	be lonely
ⵣⵣⵓⴽⴽⵎ	to pout
ⵣⵣⵓⵍ	greet, transmit greetings
ⵣⵣⵓⵍⵍⵎ	to notice
ⵣⵣⵓⵎⵎⵓ	be foul -smelling, stinking, smelling bad
ⵣⵣⵓⵏⵣⵃ	stink
ⵣⵣⵓⵖⵔ	drag on the floor
ⵣⵣⵓⵖⵔ	pull
ⵣⵣⵓⵣⴼ	strip
ⵣⵣⵓⵣⵡⵓ	refresh
ⵣⵣⵓⵥⵍ	branch
ⵣⵣⵔ	gather
ⵣⵣⵔ	plume
ⵣⵣⵔ	stripping, snatching, epilating, unfolding
ⵣⵣⵔⴼ	legislate
ⵣⵣⵔⵉ	pass
ⵣⵣⵔⵉ	swallow
ⵣⵣⵔⵉ	to correct
ⵣⵣⵔⵉ	to transmit
ⵣⵣⵖⵍ	heat, heat
ⵣⵣⵖⵔ	coat
ⵣⵣⵡⵓ	dry, dry
ⵣⵣⵡⵓⵔ	Start by, do first
ⵣⵣⵢ	toast, roast
ⵥⴱⵕ	Cut, prune, swallow
ⵥⴳⵕⵟⴻⵟ	Animal cut the tail
ⵥⴹ	grind
ⵥⴹ	weave
ⵥⴹⵉⴹⵉ	tamp
ⵥⵄⵥⵄ	to scream loudly
ⵥⵉ	Argue
ⵥⵉⵥⵏ	warm up
ⵥⵉⵥⵏ	be silent
ⵥⵍⴳ	strangle
ⵥⵍⴹ	to be poor
ⵥⵍⵉ	separate, be separated
ⵥⵍⵉ	to be different
ⵥⵍⵍⴹ	Basting, rosser
ⵥⵎⵎ	Press, twist (a wet cloth), compress, press
ⵥⵏⴼⴹ	relieve
ⵥⵓ	argue, quarrel
ⵥⵓⵍ	make up your eyes with antimony
ⵥⵓⵏ	split up
ⵥⵓⵏ	to share
ⵥⵓⵥⴹ	to wish
ⵥⵕ	See, see, look
ⵥⵕⵕⴹ	throw away
ⵥⵕⵖⴼ	ruffle
ⵥⵖ	to set up a tent
ⵥⵖⵍ	Heat, be hot
ⵥⵟⵟⴻⵟ	to bribe
ⵥⵡⴰ	emigrate (neo.)
ⵥⵡⴰ	go through
ⵥⵡⴹ	Gaul
ⵥⵡⴹ	hit a blow
ⵥⵡⴹ	shake
ⵥⵡⵉⴽⵕ	be perched (bird)
ⵥⵡⵕ	to be active
ⵥⵢⵢⵕ	hug
ⵥⵢⵢⵕ	to be tough
ⵥⵥⴰⴽⴽⴹ	quibble
ⵥⵥⴰⵍⵍ	pray
ⵥⵥⴰⵥⵉ	weigh down, carry heavy
ⵥⵥⴰⵥⵓ	enclose
ⵥⵥⴳ	Trail, to be trait
ⵥⵥⵄ	exile, banish
ⵥⵥⵄ	hunt, continue, expel
ⵥⵥⵉⴹⵕ	support
ⵥⵥⵉⵕⵥ	sterile
ⵥⵥⵍ	lie down, be lengthened
ⵥⵥⵍ	Return, dismiss, hunt
ⵥⵥⵍⵎ	peel, peel
ⵥⵥⵍⵎⴹ	be left
ⵥⵥⵎ	gnaw
ⵥⵥⵎⵓ	scare
ⵥⵥⵎⵥⵍ	reconcile
ⵥⵥⵓ	plant
ⵥⵥⵓ (- ⴳ)	hunt, expel
ⵥⵥⵓ (- ⴳ)	to chase
ⵥⵥⵓⵏ	center
ⵥⵥⵓⵥⵉ	spy
